STATION,NAME,LATITUDE,LONGITUDE,ELEVATION,DATE,PRCP,PRCP_ATTRIBUTES
GT000060100,"INSIVUMEH, GT",14.58,-90.52,1502,1/1/90,0,",,I"
GT000060100,"INSIVUMEH, GT",14.58,-90.52,1502,1/2/90,0,",,I"
GT000060100,"INSIVUMEH, GT",14.58,-90.52,1502,1/3/90,0.07,",,I"
GT000060100,"INSIVUMEH, GT",14.58,-90.52,1502,1/4/90,0,",,I"
GT000060100,"INSIVUMEH, GT",14.58,-90.52,1502,1/5/90,0,",,I"
GT000060100,"INSIVUMEH, GT",14.58,-90.52,1502,1/6/90,0,",,I"
GT000060100,"INSIVUMEH, GT",14.58,-90.52,1502,1/7/90,0,",,I"
GT000060100,"INSIVUMEH, GT",14.58,-90.52,1502,1/8/90,0,",,I"
GT000060100,"INSIVUMEH, GT",14.58,-90.52,1502,1/9/90,0,",,I"
GT000060100,"INSIVUMEH, GT",14.58,-90.52,1502,1/10/90,0,",,I"
GT000060100,"INSIVUMEH, GT",14.58,-90.52,1502,1/11/90,0.03,",,I"
GT000060100,"INSIVUMEH, GT",14.58,-90.52,1502,1/12/90,0,",,I"
GT000060100,"INSIVUMEH, GT",14.58,-90.52,1502,1/13/90,0,",,I"
GT000060100,"INSIVUMEH, GT",14.58,-90.52,1502,1/14/90,0,",,I"
GT000060100,"INSIVUMEH, GT",14.58,-90.52,1502,1/15/90,0,",,I"
GT000060100,"INSIVUMEH, GT",14.58,-90.52,1502,1/16/90,0,",,I"
GT000060100,"INSIVUMEH, GT",14.58,-90.52,1502,1/17/90,0,",,I"
GT000060100,"INSIVUMEH, GT",14.58,-90.52,1502,1/18/90,0,",,I"
GT000060100,"INSIVUMEH, GT",14.58,-90.52,1502,1/19/90,0,",,I"
GT000060100,"INSIVUMEH, GT",14.58,-90.52,1502,1/20/90,0,",,I"
GT000060100,"INSIVUMEH, GT",14.58,-90.52,1502,1/21/90,0,",,I"
GT000060100,"INSIVUMEH, GT",14.58,-90.52,1502,1/22/90,0,",,I"
GT000060100,"INSIVUMEH, GT",14.58,-90.52,1502,1/23/90,0,",,I"
GT000060100,"INSIVUMEH, GT",14.58,-90.52,1502,1/24/90,0,",,I"
GT000060100,"INSIVUMEH, GT",14.58,-90.52,1502,1/25/90,0,",,I"
GT000060100,"INSIVUMEH, GT",14.58,-90.52,1502,1/26/90,0,",,I"
GT000060100,"INSIVUMEH, GT",14.58,-90.52,1502,1/27/90,0,",,I"
GT000060100,"INSIVUMEH, GT",14.58,-90.52,1502,1/28/90,0.07,",,I"
GT000060100,"INSIVUMEH, GT",14.58,-90.52,1502,1/29/90,0,",,I"
GT000060100,"INSIVUMEH, GT",14.58,-90.52,1502,1/30/90,0,",,I"
GT000060100,"INSIVUMEH, GT",14.58,-90.52,1502,1/31/90,0,",,I"
GT000060100,"INSIVUMEH, GT",14.58,-90.52,1502,2/1/90,0,",,I"
GT000060100,"INSIVUMEH, GT",14.58,-90.52,1502,2/2/90,0,",,I"
GT000060100,"INSIVUMEH, GT",14.58,-90.52,1502,2/3/90,0,",,I"
GT000060100,"INSIVUMEH, GT",14.58,-90.52,1502,2/4/90,0,",,I"
GT000060100,"INSIVUMEH, GT",14.58,-90.52,1502,2/5/90,0,",,I"
GT000060100,"INSIVUMEH, GT",14.58,-90.52,1502,2/6/90,0,",,I"
GT000060100,"INSIVUMEH, GT",14.58,-90.52,1502,2/7/90,0,",,I"
GT000060100,"INSIVUMEH, GT",14.58,-90.52,1502,2/8/90,0,",,I"
GT000060100,"INSIVUMEH, GT",14.58,-90.52,1502,2/9/90,0,",,I"
GT000060100,"INSIVUMEH, GT",14.58,-90.52,1502,2/10/90,0,",,I"
GT000060100,"INSIVUMEH, GT",14.58,-90.52,1502,2/11/90,0,",,I"
GT000060100,"INSIVUMEH, GT",14.58,-90.52,1502,2/12/90,0,",,I"
GT000060100,"INSIVUMEH, GT",14.58,-90.52,1502,2/13/90,0,",,I"
GT000060100,"INSIVUMEH, GT",14.58,-90.52,1502,2/14/90,0,",,I"
GT000060100,"INSIVUMEH, GT",14.58,-90.52,1502,2/15/90,0,",,I"
GT000060100,"INSIVUMEH, GT",14.58,-90.52,1502,2/16/90,0,",,I"
GT000060100,"INSIVUMEH, GT",14.58,-90.52,1502,2/17/90,0,",,I"
GT000060100,"INSIVUMEH, GT",14.58,-90.52,1502,2/18/90,0,",,I"
GT000060100,"INSIVUMEH, GT",14.58,-90.52,1502,2/19/90,0,",,I"
GT000060100,"INSIVUMEH, GT",14.58,-90.52,1502,2/20/90,0,",,I"
GT000060100,"INSIVUMEH, GT",14.58,-90.52,1502,2/21/90,0.02,",,I"
GT000060100,"INSIVUMEH, GT",14.58,-90.52,1502,2/22/90,0,",,I"
GT000060100,"INSIVUMEH, GT",14.58,-90.52,1502,2/23/90,0,",,I"
GT000060100,"INSIVUMEH, GT",14.58,-90.52,1502,2/24/90,0,",,I"
GT000060100,"INSIVUMEH, GT",14.58,-90.52,1502,2/25/90,0,",,I"
GT000060100,"INSIVUMEH, GT",14.58,-90.52,1502,2/26/90,0,",,I"
GT000060100,"INSIVUMEH, GT",14.58,-90.52,1502,2/27/90,0,",,I"
GT000060100,"INSIVUMEH, GT",14.58,-90.52,1502,2/28/90,0,",,I"
GT000060100,"INSIVUMEH, GT",14.58,-90.52,1502,3/1/90,0,",,I"
GT000060100,"INSIVUMEH, GT",14.58,-90.52,1502,3/2/90,0.03,",,I"
GT000060100,"INSIVUMEH, GT",14.58,-90.52,1502,3/3/90,0,",,I"
GT000060100,"INSIVUMEH, GT",14.58,-90.52,1502,3/4/90,0,",,I"
GT000060100,"INSIVUMEH, GT",14.58,-90.52,1502,3/5/90,0,",,I"
GT000060100,"INSIVUMEH, GT",14.58,-90.52,1502,3/6/90,0,",,I"
GT000060100,"INSIVUMEH, GT",14.58,-90.52,1502,3/7/90,0,",,I"
GT000060100,"INSIVUMEH, GT",14.58,-90.52,1502,3/8/90,0,",,I"
GT000060100,"INSIVUMEH, GT",14.58,-90.52,1502,3/9/90,0,",,I"
GT000060100,"INSIVUMEH, GT",14.58,-90.52,1502,3/10/90,0,",,I"
GT000060100,"INSIVUMEH, GT",14.58,-90.52,1502,3/11/90,0,",,I"
GT000060100,"INSIVUMEH, GT",14.58,-90.52,1502,3/12/90,0,",,I"
GT000060100,"INSIVUMEH, GT",14.58,-90.52,1502,3/13/90,0,",,I"
GT000060100,"INSIVUMEH, GT",14.58,-90.52,1502,3/14/90,0,",,I"
GT000060100,"INSIVUMEH, GT",14.58,-90.52,1502,3/15/90,0,",,I"
GT000060100,"INSIVUMEH, GT",14.58,-90.52,1502,3/16/90,0,",,I"
GT000060100,"INSIVUMEH, GT",14.58,-90.52,1502,3/17/90,0,",,I"
GT000060100,"INSIVUMEH, GT",14.58,-90.52,1502,3/18/90,0,",,I"
GT000060100,"INSIVUMEH, GT",14.58,-90.52,1502,3/19/90,0,",,I"
GT000060100,"INSIVUMEH, GT",14.58,-90.52,1502,3/20/90,0,",,I"
GT000060100,"INSIVUMEH, GT",14.58,-90.52,1502,3/21/90,0,",,I"
GT000060100,"INSIVUMEH, GT",14.58,-90.52,1502,3/22/90,0,",,I"
GT000060100,"INSIVUMEH, GT",14.58,-90.52,1502,3/23/90,0,",,I"
GT000060100,"INSIVUMEH, GT",14.58,-90.52,1502,3/24/90,0,",,I"
GT000060100,"INSIVUMEH, GT",14.58,-90.52,1502,3/25/90,0,",,I"
GT000060100,"INSIVUMEH, GT",14.58,-90.52,1502,3/26/90,0,",,I"
GT000060100,"INSIVUMEH, GT",14.58,-90.52,1502,3/27/90,0,",,I"
GT000060100,"INSIVUMEH, GT",14.58,-90.52,1502,3/28/90,0,",,I"
GT000060100,"INSIVUMEH, GT",14.58,-90.52,1502,3/29/90,0,",,I"
GT000060100,"INSIVUMEH, GT",14.58,-90.52,1502,3/30/90,0,",,I"
GT000060100,"INSIVUMEH, GT",14.58,-90.52,1502,3/31/90,0,",,I"
GT000060100,"INSIVUMEH, GT",14.58,-90.52,1502,4/1/90,0,",,I"
GT000060100,"INSIVUMEH, GT",14.58,-90.52,1502,4/2/90,0,",,I"
GT000060100,"INSIVUMEH, GT",14.58,-90.52,1502,4/3/90,0,",,I"
GT000060100,"INSIVUMEH, GT",14.58,-90.52,1502,4/4/90,0,",,I"
GT000060100,"INSIVUMEH, GT",14.58,-90.52,1502,4/5/90,0,",,I"
GT000060100,"INSIVUMEH, GT",14.58,-90.52,1502,4/6/90,0,",,I"
GT000060100,"INSIVUMEH, GT",14.58,-90.52,1502,4/7/90,0,",,I"
GT000060100,"INSIVUMEH, GT",14.58,-90.52,1502,4/8/90,0,",,I"
GT000060100,"INSIVUMEH, GT",14.58,-90.52,1502,4/9/90,0,",,I"
GT000060100,"INSIVUMEH, GT",14.58,-90.52,1502,4/10/90,0,",,I"
GT000060100,"INSIVUMEH, GT",14.58,-90.52,1502,4/11/90,0,",,I"
GT000060100,"INSIVUMEH, GT",14.58,-90.52,1502,4/12/90,0,",,I"
GT000060100,"INSIVUMEH, GT",14.58,-90.52,1502,4/13/90,0,",,I"
GT000060100,"INSIVUMEH, GT",14.58,-90.52,1502,4/14/90,0,",,I"
GT000060100,"INSIVUMEH, GT",14.58,-90.52,1502,4/15/90,0,",,I"
GT000060100,"INSIVUMEH, GT",14.58,-90.52,1502,4/16/90,0,",,I"
GT000060100,"INSIVUMEH, GT",14.58,-90.52,1502,4/17/90,0,",,I"
GT000060100,"INSIVUMEH, GT",14.58,-90.52,1502,4/18/90,0.02,",,I"
GT000060100,"INSIVUMEH, GT",14.58,-90.52,1502,4/19/90,0,",,I"
GT000060100,"INSIVUMEH, GT",14.58,-90.52,1502,4/20/90,0,",,I"
GT000060100,"INSIVUMEH, GT",14.58,-90.52,1502,4/21/90,0,",,I"
GT000060100,"INSIVUMEH, GT",14.58,-90.52,1502,4/22/90,0,",,I"
GT000060100,"INSIVUMEH, GT",14.58,-90.52,1502,4/23/90,0,",,I"
GT000060100,"INSIVUMEH, GT",14.58,-90.52,1502,4/24/90,0,",,I"
GT000060100,"INSIVUMEH, GT",14.58,-90.52,1502,4/25/90,0.69,",,I"
GT000060100,"INSIVUMEH, GT",14.58,-90.52,1502,4/26/90,0,",,I"
GT000060100,"INSIVUMEH, GT",14.58,-90.52,1502,4/27/90,0,",,I"
GT000060100,"INSIVUMEH, GT",14.58,-90.52,1502,4/28/90,0,",,I"
GT000060100,"INSIVUMEH, GT",14.58,-90.52,1502,4/29/90,0.16,",,I"
GT000060100,"INSIVUMEH, GT",14.58,-90.52,1502,4/30/90,0,",,I"
GT000060100,"INSIVUMEH, GT",14.58,-90.52,1502,5/1/90,0.59,",,I"
GT000060100,"INSIVUMEH, GT",14.58,-90.52,1502,5/2/90,0.01,",,I"
GT000060100,"INSIVUMEH, GT",14.58,-90.52,1502,5/3/90,0,",,I"
GT000060100,"INSIVUMEH, GT",14.58,-90.52,1502,5/4/90,0.22,",,I"
GT000060100,"INSIVUMEH, GT",14.58,-90.52,1502,5/5/90,0,",,I"
GT000060100,"INSIVUMEH, GT",14.58,-90.52,1502,5/6/90,0,",,I"
GT000060100,"INSIVUMEH, GT",14.58,-90.52,1502,5/7/90,0,",,I"
GT000060100,"INSIVUMEH, GT",14.58,-90.52,1502,5/8/90,0,",,I"
GT000060100,"INSIVUMEH, GT",14.58,-90.52,1502,5/9/90,2,",,I"
GT000060100,"INSIVUMEH, GT",14.58,-90.52,1502,5/10/90,0.49,",,I"
GT000060100,"INSIVUMEH, GT",14.58,-90.52,1502,5/11/90,0,",,I"
GT000060100,"INSIVUMEH, GT",14.58,-90.52,1502,5/12/90,0.37,",,I"
GT000060100,"INSIVUMEH, GT",14.58,-90.52,1502,5/13/90,0,",,I"
GT000060100,"INSIVUMEH, GT",14.58,-90.52,1502,5/14/90,0.96,",,I"
GT000060100,"INSIVUMEH, GT",14.58,-90.52,1502,5/15/90,0,",,I"
GT000060100,"INSIVUMEH, GT",14.58,-90.52,1502,5/16/90,0,",,I"
GT000060100,"INSIVUMEH, GT",14.58,-90.52,1502,5/17/90,0,",,I"
GT000060100,"INSIVUMEH, GT",14.58,-90.52,1502,5/18/90,0,",,I"
GT000060100,"INSIVUMEH, GT",14.58,-90.52,1502,5/19/90,0,",,I"
GT000060100,"INSIVUMEH, GT",14.58,-90.52,1502,5/20/90,0.07,",,I"
GT000060100,"INSIVUMEH, GT",14.58,-90.52,1502,5/21/90,0,",,I"
GT000060100,"INSIVUMEH, GT",14.58,-90.52,1502,5/22/90,1.26,",,I"
GT000060100,"INSIVUMEH, GT",14.58,-90.52,1502,5/23/90,0.19,",,I"
GT000060100,"INSIVUMEH, GT",14.58,-90.52,1502,5/24/90,0.13,",,I"
GT000060100,"INSIVUMEH, GT",14.58,-90.52,1502,5/25/90,0.02,",,I"
GT000060100,"INSIVUMEH, GT",14.58,-90.52,1502,5/26/90,0.72,",,I"
GT000060100,"INSIVUMEH, GT",14.58,-90.52,1502,5/27/90,0.04,",,I"
GT000060100,"INSIVUMEH, GT",14.58,-90.52,1502,5/28/90,0.01,",,I"
GT000060100,"INSIVUMEH, GT",14.58,-90.52,1502,5/29/90,0,",,I"
GT000060100,"INSIVUMEH, GT",14.58,-90.52,1502,5/30/90,0.02,",,I"
GT000060100,"INSIVUMEH, GT",14.58,-90.52,1502,5/31/90,0.39,",,I"
GT000060100,"INSIVUMEH, GT",14.58,-90.52,1502,6/1/90,0.7,",,I"
GT000060100,"INSIVUMEH, GT",14.58,-90.52,1502,6/2/90,0.39,",,I"
GT000060100,"INSIVUMEH, GT",14.58,-90.52,1502,6/3/90,0.04,",,I"
GT000060100,"INSIVUMEH, GT",14.58,-90.52,1502,6/4/90,0.16,",,I"
GT000060100,"INSIVUMEH, GT",14.58,-90.52,1502,6/5/90,0.02,",,I"
GT000060100,"INSIVUMEH, GT",14.58,-90.52,1502,6/6/90,0,",,I"
GT000060100,"INSIVUMEH, GT",14.58,-90.52,1502,6/7/90,0,",,I"
GT000060100,"INSIVUMEH, GT",14.58,-90.52,1502,6/8/90,0.14,",,I"
GT000060100,"INSIVUMEH, GT",14.58,-90.52,1502,6/9/90,0.23,",,I"
GT000060100,"INSIVUMEH, GT",14.58,-90.52,1502,6/10/90,1.22,",,I"
GT000060100,"INSIVUMEH, GT",14.58,-90.52,1502,6/11/90,0.18,",,I"
GT000060100,"INSIVUMEH, GT",14.58,-90.52,1502,6/12/90,0,",,I"
GT000060100,"INSIVUMEH, GT",14.58,-90.52,1502,6/13/90,0.11,",,I"
GT000060100,"INSIVUMEH, GT",14.58,-90.52,1502,6/14/90,0.55,",,I"
GT000060100,"INSIVUMEH, GT",14.58,-90.52,1502,6/15/90,0,",,I"
GT000060100,"INSIVUMEH, GT",14.58,-90.52,1502,6/16/90,0.52,",,I"
GT000060100,"INSIVUMEH, GT",14.58,-90.52,1502,6/17/90,0.4,",,I"
GT000060100,"INSIVUMEH, GT",14.58,-90.52,1502,6/18/90,0.04,",,I"
GT000060100,"INSIVUMEH, GT",14.58,-90.52,1502,6/19/90,0.22,",,I"
GT000060100,"INSIVUMEH, GT",14.58,-90.52,1502,6/20/90,0,",,I"
GT000060100,"INSIVUMEH, GT",14.58,-90.52,1502,6/21/90,0.73,",,I"
GT000060100,"INSIVUMEH, GT",14.58,-90.52,1502,6/22/90,0.25,",,I"
GT000060100,"INSIVUMEH, GT",14.58,-90.52,1502,6/23/90,0.75,",,I"
GT000060100,"INSIVUMEH, GT",14.58,-90.52,1502,6/24/90,0.7,",,I"
GT000060100,"INSIVUMEH, GT",14.58,-90.52,1502,6/25/90,0.05,",,I"
GT000060100,"INSIVUMEH, GT",14.58,-90.52,1502,6/26/90,0,",,I"
GT000060100,"INSIVUMEH, GT",14.58,-90.52,1502,6/27/90,0,",,I"
GT000060100,"INSIVUMEH, GT",14.58,-90.52,1502,6/28/90,0.1,",,I"
GT000060100,"INSIVUMEH, GT",14.58,-90.52,1502,6/29/90,0.19,",,I"
GT000060100,"INSIVUMEH, GT",14.58,-90.52,1502,6/30/90,0.41,",,I"
GT000060100,"INSIVUMEH, GT",14.58,-90.52,1502,7/1/90,0.05,",,I"
GT000060100,"INSIVUMEH, GT",14.58,-90.52,1502,7/2/90,0,",,I"
GT000060100,"INSIVUMEH, GT",14.58,-90.52,1502,7/3/90,0.01,",,I"
GT000060100,"INSIVUMEH, GT",14.58,-90.52,1502,7/4/90,0,",,I"
GT000060100,"INSIVUMEH, GT",14.58,-90.52,1502,7/5/90,0.16,",,I"
GT000060100,"INSIVUMEH, GT",14.58,-90.52,1502,7/6/90,1.83,",,I"
GT000060100,"INSIVUMEH, GT",14.58,-90.52,1502,7/7/90,0.16,",,I"
GT000060100,"INSIVUMEH, GT",14.58,-90.52,1502,7/8/90,0,",,I"
GT000060100,"INSIVUMEH, GT",14.58,-90.52,1502,7/9/90,0.02,",,I"
GT000060100,"INSIVUMEH, GT",14.58,-90.52,1502,7/10/90,0.23,",,I"
GT000060100,"INSIVUMEH, GT",14.58,-90.52,1502,7/11/90,0,",,I"
GT000060100,"INSIVUMEH, GT",14.58,-90.52,1502,7/12/90,0,",,I"
GT000060100,"INSIVUMEH, GT",14.58,-90.52,1502,7/13/90,0.06,",,I"
GT000060100,"INSIVUMEH, GT",14.58,-90.52,1502,7/14/90,0,",,I"
GT000060100,"INSIVUMEH, GT",14.58,-90.52,1502,7/15/90,0.24,",,I"
GT000060100,"INSIVUMEH, GT",14.58,-90.52,1502,7/16/90,0,",,I"
GT000060100,"INSIVUMEH, GT",14.58,-90.52,1502,7/17/90,0,",,I"
GT000060100,"INSIVUMEH, GT",14.58,-90.52,1502,7/18/90,0.12,",,I"
GT000060100,"INSIVUMEH, GT",14.58,-90.52,1502,7/19/90,0.8,",,I"
GT000060100,"INSIVUMEH, GT",14.58,-90.52,1502,7/20/90,0.45,",,I"
GT000060100,"INSIVUMEH, GT",14.58,-90.52,1502,7/21/90,0.72,",,I"
GT000060100,"INSIVUMEH, GT",14.58,-90.52,1502,7/22/90,0.6,",,I"
GT000060100,"INSIVUMEH, GT",14.58,-90.52,1502,7/23/90,0,",,I"
GT000060100,"INSIVUMEH, GT",14.58,-90.52,1502,7/24/90,0,",,I"
GT000060100,"INSIVUMEH, GT",14.58,-90.52,1502,7/25/90,0,",,I"
GT000060100,"INSIVUMEH, GT",14.58,-90.52,1502,7/26/90,0,",,I"
GT000060100,"INSIVUMEH, GT",14.58,-90.52,1502,7/27/90,0.04,",,I"
GT000060100,"INSIVUMEH, GT",14.58,-90.52,1502,7/28/90,0,",,I"
GT000060100,"INSIVUMEH, GT",14.58,-90.52,1502,7/29/90,0.57,",,I"
GT000060100,"INSIVUMEH, GT",14.58,-90.52,1502,7/30/90,0.1,",,I"
GT000060100,"INSIVUMEH, GT",14.58,-90.52,1502,7/31/90,0,",,I"
GT000060100,"INSIVUMEH, GT",14.58,-90.52,1502,8/1/90,0,",,I"
GT000060100,"INSIVUMEH, GT",14.58,-90.52,1502,8/2/90,0,",,I"
GT000060100,"INSIVUMEH, GT",14.58,-90.52,1502,8/3/90,0,",,I"
GT000060100,"INSIVUMEH, GT",14.58,-90.52,1502,8/4/90,0,",,I"
GT000060100,"INSIVUMEH, GT",14.58,-90.52,1502,8/5/90,0,",,I"
GT000060100,"INSIVUMEH, GT",14.58,-90.52,1502,8/6/90,0,",,I"
GT000060100,"INSIVUMEH, GT",14.58,-90.52,1502,8/7/90,0.01,",,I"
GT000060100,"INSIVUMEH, GT",14.58,-90.52,1502,8/8/90,0,",,I"
GT000060100,"INSIVUMEH, GT",14.58,-90.52,1502,8/9/90,0.01,",,I"
GT000060100,"INSIVUMEH, GT",14.58,-90.52,1502,8/10/90,0,",,I"
GT000060100,"INSIVUMEH, GT",14.58,-90.52,1502,8/11/90,0,",,I"
GT000060100,"INSIVUMEH, GT",14.58,-90.52,1502,8/12/90,0.96,",,I"
GT000060100,"INSIVUMEH, GT",14.58,-90.52,1502,8/13/90,0,",,I"
GT000060100,"INSIVUMEH, GT",14.58,-90.52,1502,8/14/90,0.02,",,I"
GT000060100,"INSIVUMEH, GT",14.58,-90.52,1502,8/15/90,0,",,I"
GT000060100,"INSIVUMEH, GT",14.58,-90.52,1502,8/16/90,0.31,",,I"
GT000060100,"INSIVUMEH, GT",14.58,-90.52,1502,8/17/90,0,",,I"
GT000060100,"INSIVUMEH, GT",14.58,-90.52,1502,8/18/90,0.1,",,I"
GT000060100,"INSIVUMEH, GT",14.58,-90.52,1502,8/19/90,0,",,I"
GT000060100,"INSIVUMEH, GT",14.58,-90.52,1502,8/20/90,0,",,I"
GT000060100,"INSIVUMEH, GT",14.58,-90.52,1502,8/21/90,0,",,I"
GT000060100,"INSIVUMEH, GT",14.58,-90.52,1502,8/22/90,0.13,",,I"
GT000060100,"INSIVUMEH, GT",14.58,-90.52,1502,8/23/90,0.17,",,I"
GT000060100,"INSIVUMEH, GT",14.58,-90.52,1502,8/24/90,0.65,",,I"
GT000060100,"INSIVUMEH, GT",14.58,-90.52,1502,8/25/90,0.03,",,I"
GT000060100,"INSIVUMEH, GT",14.58,-90.52,1502,8/26/90,0.02,",,I"
GT000060100,"INSIVUMEH, GT",14.58,-90.52,1502,8/27/90,0,",,I"
GT000060100,"INSIVUMEH, GT",14.58,-90.52,1502,8/28/90,0.08,",,I"
GT000060100,"INSIVUMEH, GT",14.58,-90.52,1502,8/29/90,0,",,I"
GT000060100,"INSIVUMEH, GT",14.58,-90.52,1502,8/30/90,0,",,I"
GT000060100,"INSIVUMEH, GT",14.58,-90.52,1502,8/31/90,0.02,",,I"
GT000060100,"INSIVUMEH, GT",14.58,-90.52,1502,9/1/90,0.24,",,I"
GT000060100,"INSIVUMEH, GT",14.58,-90.52,1502,9/2/90,1.71,",,I"
GT000060100,"INSIVUMEH, GT",14.58,-90.52,1502,9/3/90,0,",,I"
GT000060100,"INSIVUMEH, GT",14.58,-90.52,1502,9/4/90,0,",,I"
GT000060100,"INSIVUMEH, GT",14.58,-90.52,1502,9/5/90,0,",,I"
GT000060100,"INSIVUMEH, GT",14.58,-90.52,1502,9/6/90,0.02,",,I"
GT000060100,"INSIVUMEH, GT",14.58,-90.52,1502,9/7/90,0,",,I"
GT000060100,"INSIVUMEH, GT",14.58,-90.52,1502,9/8/90,0.55,",,I"
GT000060100,"INSIVUMEH, GT",14.58,-90.52,1502,9/9/90,0,",,I"
GT000060100,"INSIVUMEH, GT",14.58,-90.52,1502,9/10/90,0.44,",,I"
GT000060100,"INSIVUMEH, GT",14.58,-90.52,1502,9/11/90,0.65,",,I"
GT000060100,"INSIVUMEH, GT",14.58,-90.52,1502,9/12/90,1.16,",,I"
GT000060100,"INSIVUMEH, GT",14.58,-90.52,1502,9/13/90,0.02,",,I"
GT000060100,"INSIVUMEH, GT",14.58,-90.52,1502,9/14/90,0.13,",,I"
GT000060100,"INSIVUMEH, GT",14.58,-90.52,1502,9/15/90,0.69,",,I"
GT000060100,"INSIVUMEH, GT",14.58,-90.52,1502,9/16/90,0.01,",,I"
GT000060100,"INSIVUMEH, GT",14.58,-90.52,1502,9/17/90,0.47,",,I"
GT000060100,"INSIVUMEH, GT",14.58,-90.52,1502,9/18/90,0.5,",,I"
GT000060100,"INSIVUMEH, GT",14.58,-90.52,1502,9/19/90,0.15,",,I"
GT000060100,"INSIVUMEH, GT",14.58,-90.52,1502,9/20/90,0,",,I"
GT000060100,"INSIVUMEH, GT",14.58,-90.52,1502,9/21/90,0.05,",,I"
GT000060100,"INSIVUMEH, GT",14.58,-90.52,1502,9/22/90,0.39,",,I"
GT000060100,"INSIVUMEH, GT",14.58,-90.52,1502,9/23/90,0,",,I"
GT000060100,"INSIVUMEH, GT",14.58,-90.52,1502,9/24/90,0,",,I"
GT000060100,"INSIVUMEH, GT",14.58,-90.52,1502,9/25/90,0.28,",,I"
GT000060100,"INSIVUMEH, GT",14.58,-90.52,1502,9/26/90,1.09,",,I"
GT000060100,"INSIVUMEH, GT",14.58,-90.52,1502,9/27/90,0.2,",,I"
GT000060100,"INSIVUMEH, GT",14.58,-90.52,1502,9/28/90,0,",,I"
GT000060100,"INSIVUMEH, GT",14.58,-90.52,1502,9/29/90,0.53,",,I"
GT000060100,"INSIVUMEH, GT",14.58,-90.52,1502,9/30/90,0.26,",,I"
GT000060100,"INSIVUMEH, GT",14.58,-90.52,1502,10/1/90,0.56,",,I"
GT000060100,"INSIVUMEH, GT",14.58,-90.52,1502,10/2/90,0.66,",,I"
GT000060100,"INSIVUMEH, GT",14.58,-90.52,1502,10/3/90,0.06,",,I"
GT000060100,"INSIVUMEH, GT",14.58,-90.52,1502,10/4/90,0.53,",,I"
GT000060100,"INSIVUMEH, GT",14.58,-90.52,1502,10/5/90,0,",,I"
GT000060100,"INSIVUMEH, GT",14.58,-90.52,1502,10/6/90,0,",,I"
GT000060100,"INSIVUMEH, GT",14.58,-90.52,1502,10/7/90,0,",,I"
GT000060100,"INSIVUMEH, GT",14.58,-90.52,1502,10/8/90,0,",,I"
GT000060100,"INSIVUMEH, GT",14.58,-90.52,1502,10/9/90,0,",,I"
GT000060100,"INSIVUMEH, GT",14.58,-90.52,1502,10/10/90,0,",,I"
GT000060100,"INSIVUMEH, GT",14.58,-90.52,1502,10/11/90,0,",,I"
GT000060100,"INSIVUMEH, GT",14.58,-90.52,1502,10/12/90,0,",,I"
GT000060100,"INSIVUMEH, GT",14.58,-90.52,1502,10/13/90,0,",,I"
GT000060100,"INSIVUMEH, GT",14.58,-90.52,1502,10/14/90,0,",,I"
GT000060100,"INSIVUMEH, GT",14.58,-90.52,1502,10/15/90,0,",,I"
GT000060100,"INSIVUMEH, GT",14.58,-90.52,1502,10/16/90,0,",,I"
GT000060100,"INSIVUMEH, GT",14.58,-90.52,1502,10/17/90,0,",,I"
GT000060100,"INSIVUMEH, GT",14.58,-90.52,1502,10/18/90,0.26,",,I"
GT000060100,"INSIVUMEH, GT",14.58,-90.52,1502,10/19/90,0,",,I"
GT000060100,"INSIVUMEH, GT",14.58,-90.52,1502,10/20/90,0,",,I"
GT000060100,"INSIVUMEH, GT",14.58,-90.52,1502,10/21/90,0,",,I"
GT000060100,"INSIVUMEH, GT",14.58,-90.52,1502,10/22/90,0,",,I"
GT000060100,"INSIVUMEH, GT",14.58,-90.52,1502,10/23/90,0.15,",,I"
GT000060100,"INSIVUMEH, GT",14.58,-90.52,1502,10/24/90,0,",,I"
GT000060100,"INSIVUMEH, GT",14.58,-90.52,1502,10/25/90,0.08,",,I"
GT000060100,"INSIVUMEH, GT",14.58,-90.52,1502,10/26/90,0,",,I"
GT000060100,"INSIVUMEH, GT",14.58,-90.52,1502,10/27/90,0,",,I"
GT000060100,"INSIVUMEH, GT",14.58,-90.52,1502,10/28/90,0,",,I"
GT000060100,"INSIVUMEH, GT",14.58,-90.52,1502,10/29/90,0,",,I"
GT000060100,"INSIVUMEH, GT",14.58,-90.52,1502,10/30/90,0,",,I"
GT000060100,"INSIVUMEH, GT",14.58,-90.52,1502,10/31/90,0,",,I"
GT000060100,"INSIVUMEH, GT",14.58,-90.52,1502,11/1/90,0,",,I"
GT000060100,"INSIVUMEH, GT",14.58,-90.52,1502,11/2/90,0,",,I"
GT000060100,"INSIVUMEH, GT",14.58,-90.52,1502,11/3/90,0,",,I"
GT000060100,"INSIVUMEH, GT",14.58,-90.52,1502,11/4/90,0,",,I"
GT000060100,"INSIVUMEH, GT",14.58,-90.52,1502,11/5/90,0.38,",,I"
GT000060100,"INSIVUMEH, GT",14.58,-90.52,1502,11/6/90,0.75,",,I"
GT000060100,"INSIVUMEH, GT",14.58,-90.52,1502,11/7/90,0.15,",,I"
GT000060100,"INSIVUMEH, GT",14.58,-90.52,1502,11/8/90,0.04,",,I"
GT000060100,"INSIVUMEH, GT",14.58,-90.52,1502,11/9/90,0.04,",,I"
GT000060100,"INSIVUMEH, GT",14.58,-90.52,1502,11/10/90,0,",,I"
GT000060100,"INSIVUMEH, GT",14.58,-90.52,1502,11/11/90,0,",,I"
GT000060100,"INSIVUMEH, GT",14.58,-90.52,1502,11/12/90,0,",,I"
GT000060100,"INSIVUMEH, GT",14.58,-90.52,1502,11/13/90,0,",,I"
GT000060100,"INSIVUMEH, GT",14.58,-90.52,1502,11/14/90,0,",,I"
GT000060100,"INSIVUMEH, GT",14.58,-90.52,1502,11/15/90,0,",,I"
GT000060100,"INSIVUMEH, GT",14.58,-90.52,1502,11/16/90,0.17,",,I"
GT000060100,"INSIVUMEH, GT",14.58,-90.52,1502,11/17/90,0,",,I"
GT000060100,"INSIVUMEH, GT",14.58,-90.52,1502,11/18/90,0,",,I"
GT000060100,"INSIVUMEH, GT",14.58,-90.52,1502,11/19/90,0,",,I"
GT000060100,"INSIVUMEH, GT",14.58,-90.52,1502,11/20/90,0,",,I"
GT000060100,"INSIVUMEH, GT",14.58,-90.52,1502,11/21/90,0,",,I"
GT000060100,"INSIVUMEH, GT",14.58,-90.52,1502,11/22/90,0,",,I"
GT000060100,"INSIVUMEH, GT",14.58,-90.52,1502,11/23/90,0,",,I"
GT000060100,"INSIVUMEH, GT",14.58,-90.52,1502,11/24/90,0,",,I"
GT000060100,"INSIVUMEH, GT",14.58,-90.52,1502,11/25/90,0,",,I"
GT000060100,"INSIVUMEH, GT",14.58,-90.52,1502,11/26/90,0,",,I"
GT000060100,"INSIVUMEH, GT",14.58,-90.52,1502,11/27/90,0,",,I"
GT000060100,"INSIVUMEH, GT",14.58,-90.52,1502,11/28/90,0,",,I"
GT000060100,"INSIVUMEH, GT",14.58,-90.52,1502,11/29/90,0,",,I"
GT000060100,"INSIVUMEH, GT",14.58,-90.52,1502,11/30/90,0.3,",,I"
GT000060100,"INSIVUMEH, GT",14.58,-90.52,1502,12/1/90,0.01,",,I"
GT000060100,"INSIVUMEH, GT",14.58,-90.52,1502,12/2/90,0.02,",,I"
GT000060100,"INSIVUMEH, GT",14.58,-90.52,1502,12/3/90,0.01,",,I"
GT000060100,"INSIVUMEH, GT",14.58,-90.52,1502,12/4/90,0.17,",,I"
GT000060100,"INSIVUMEH, GT",14.58,-90.52,1502,12/5/90,0.01,",,I"
GT000060100,"INSIVUMEH, GT",14.58,-90.52,1502,12/6/90,0,",,I"
GT000060100,"INSIVUMEH, GT",14.58,-90.52,1502,12/7/90,0,",,I"
GT000060100,"INSIVUMEH, GT",14.58,-90.52,1502,12/8/90,0,",,I"
GT000060100,"INSIVUMEH, GT",14.58,-90.52,1502,12/9/90,0.02,",,I"
GT000060100,"INSIVUMEH, GT",14.58,-90.52,1502,12/10/90,0,",,I"
GT000060100,"INSIVUMEH, GT",14.58,-90.52,1502,12/11/90,0,",,I"
GT000060100,"INSIVUMEH, GT",14.58,-90.52,1502,12/12/90,0,",,I"
GT000060100,"INSIVUMEH, GT",14.58,-90.52,1502,12/13/90,0,",,I"
GT000060100,"INSIVUMEH, GT",14.58,-90.52,1502,12/14/90,0.01,",,I"
GT000060100,"INSIVUMEH, GT",14.58,-90.52,1502,12/15/90,0,",,I"
GT000060100,"INSIVUMEH, GT",14.58,-90.52,1502,12/16/90,0,",,I"
GT000060100,"INSIVUMEH, GT",14.58,-90.52,1502,12/17/90,0,",,I"
GT000060100,"INSIVUMEH, GT",14.58,-90.52,1502,12/18/90,0,",,I"
GT000060100,"INSIVUMEH, GT",14.58,-90.52,1502,12/19/90,0,",,I"
GT000060100,"INSIVUMEH, GT",14.58,-90.52,1502,12/20/90,0,",,I"
GT000060100,"INSIVUMEH, GT",14.58,-90.52,1502,12/21/90,0,",,I"
GT000060100,"INSIVUMEH, GT",14.58,-90.52,1502,12/22/90,0,",,I"
GT000060100,"INSIVUMEH, GT",14.58,-90.52,1502,12/23/90,0,",,I"
GT000060100,"INSIVUMEH, GT",14.58,-90.52,1502,12/24/90,0,",,I"
GT000060100,"INSIVUMEH, GT",14.58,-90.52,1502,12/25/90,0,",,I"
GT000060100,"INSIVUMEH, GT",14.58,-90.52,1502,12/26/90,0,",,I"
GT000060100,"INSIVUMEH, GT",14.58,-90.52,1502,12/27/90,0,",,I"
GT000060100,"INSIVUMEH, GT",14.58,-90.52,1502,12/28/90,0,",,I"
GT000060100,"INSIVUMEH, GT",14.58,-90.52,1502,12/29/90,0,",,I"
GT000060100,"INSIVUMEH, GT",14.58,-90.52,1502,12/30/90,0,",,I"
GT000060100,"INSIVUMEH, GT",14.58,-90.52,1502,12/31/90,0.01,",,I"
GT000060100,"INSIVUMEH, GT",14.58,-90.52,1502,1/1/91,0.08,",,I"
GT000060100,"INSIVUMEH, GT",14.58,-90.52,1502,1/2/91,0,",,I"
GT000060100,"INSIVUMEH, GT",14.58,-90.52,1502,1/3/91,0,",,I"
GT000060100,"INSIVUMEH, GT",14.58,-90.52,1502,1/4/91,0.02,",,I"
GT000060100,"INSIVUMEH, GT",14.58,-90.52,1502,1/7/91,0,",,I"
GT000060100,"INSIVUMEH, GT",14.58,-90.52,1502,1/8/91,0,",,I"
GT000060100,"INSIVUMEH, GT",14.58,-90.52,1502,1/9/91,0,",,I"
GT000060100,"INSIVUMEH, GT",14.58,-90.52,1502,1/10/91,0,",,I"
GT000060100,"INSIVUMEH, GT",14.58,-90.52,1502,1/11/91,0,",,I"
GT000060100,"INSIVUMEH, GT",14.58,-90.52,1502,1/12/91,0,",,I"
GT000060100,"INSIVUMEH, GT",14.58,-90.52,1502,1/13/91,0,",,I"
GT000060100,"INSIVUMEH, GT",14.58,-90.52,1502,1/14/91,0,",,I"
GT000060100,"INSIVUMEH, GT",14.58,-90.52,1502,1/15/91,0,",,I"
GT000060100,"INSIVUMEH, GT",14.58,-90.52,1502,1/16/91,0,",,I"
GT000060100,"INSIVUMEH, GT",14.58,-90.52,1502,1/17/91,0,",,I"
GT000060100,"INSIVUMEH, GT",14.58,-90.52,1502,1/18/91,0,",,I"
GT000060100,"INSIVUMEH, GT",14.58,-90.52,1502,1/19/91,0,",,I"
GT000060100,"INSIVUMEH, GT",14.58,-90.52,1502,1/20/91,0,",,I"
GT000060100,"INSIVUMEH, GT",14.58,-90.52,1502,1/21/91,0,",,I"
GT000060100,"INSIVUMEH, GT",14.58,-90.52,1502,1/22/91,0.08,",,I"
GT000060100,"INSIVUMEH, GT",14.58,-90.52,1502,1/23/91,0,",,I"
GT000060100,"INSIVUMEH, GT",14.58,-90.52,1502,1/24/91,0,",,I"
GT000060100,"INSIVUMEH, GT",14.58,-90.52,1502,1/25/91,0,",,I"
GT000060100,"INSIVUMEH, GT",14.58,-90.52,1502,1/26/91,0,",,I"
GT000060100,"INSIVUMEH, GT",14.58,-90.52,1502,1/27/91,0,",,I"
GT000060100,"INSIVUMEH, GT",14.58,-90.52,1502,1/28/91,0,",,I"
GT000060100,"INSIVUMEH, GT",14.58,-90.52,1502,1/29/91,0,",,I"
GT000060100,"INSIVUMEH, GT",14.58,-90.52,1502,1/30/91,0,",,I"
GT000060100,"INSIVUMEH, GT",14.58,-90.52,1502,1/31/91,0,",,I"
GT000060100,"INSIVUMEH, GT",14.58,-90.52,1502,2/1/91,0.01,",,I"
GT000060100,"INSIVUMEH, GT",14.58,-90.52,1502,2/2/91,0.02,",,I"
GT000060100,"INSIVUMEH, GT",14.58,-90.52,1502,2/3/91,0,",,I"
GT000060100,"INSIVUMEH, GT",14.58,-90.52,1502,2/4/91,0,",,I"
GT000060100,"INSIVUMEH, GT",14.58,-90.52,1502,2/5/91,0,",,I"
GT000060100,"INSIVUMEH, GT",14.58,-90.52,1502,2/6/91,0,",,I"
GT000060100,"INSIVUMEH, GT",14.58,-90.52,1502,2/7/91,0,",,I"
GT000060100,"INSIVUMEH, GT",14.58,-90.52,1502,2/8/91,0,",,I"
GT000060100,"INSIVUMEH, GT",14.58,-90.52,1502,2/9/91,0,",,I"
GT000060100,"INSIVUMEH, GT",14.58,-90.52,1502,2/10/91,0,",,I"
GT000060100,"INSIVUMEH, GT",14.58,-90.52,1502,2/11/91,0,",,I"
GT000060100,"INSIVUMEH, GT",14.58,-90.52,1502,2/12/91,0,",,I"
GT000060100,"INSIVUMEH, GT",14.58,-90.52,1502,2/13/91,0,",,I"
GT000060100,"INSIVUMEH, GT",14.58,-90.52,1502,2/14/91,0,",,I"
GT000060100,"INSIVUMEH, GT",14.58,-90.52,1502,2/15/91,0,",,I"
GT000060100,"INSIVUMEH, GT",14.58,-90.52,1502,2/16/91,0,",,I"
GT000060100,"INSIVUMEH, GT",14.58,-90.52,1502,2/17/91,0,",,I"
GT000060100,"INSIVUMEH, GT",14.58,-90.52,1502,2/18/91,0,",,I"
GT000060100,"INSIVUMEH, GT",14.58,-90.52,1502,2/19/91,0,",,I"
GT000060100,"INSIVUMEH, GT",14.58,-90.52,1502,2/20/91,0,",,I"
GT000060100,"INSIVUMEH, GT",14.58,-90.52,1502,2/21/91,0,",,I"
GT000060100,"INSIVUMEH, GT",14.58,-90.52,1502,2/22/91,0,",,I"
GT000060100,"INSIVUMEH, GT",14.58,-90.52,1502,2/23/91,0,",,I"
GT000060100,"INSIVUMEH, GT",14.58,-90.52,1502,2/24/91,0,",,I"
GT000060100,"INSIVUMEH, GT",14.58,-90.52,1502,2/25/91,0,",,I"
GT000060100,"INSIVUMEH, GT",14.58,-90.52,1502,2/26/91,0,",,I"
GT000060100,"INSIVUMEH, GT",14.58,-90.52,1502,2/27/91,0,",,I"
GT000060100,"INSIVUMEH, GT",14.58,-90.52,1502,2/28/91,0,",,I"
GT000060100,"INSIVUMEH, GT",14.58,-90.52,1502,3/1/91,0,",,I"
GT000060100,"INSIVUMEH, GT",14.58,-90.52,1502,3/2/91,0,",,I"
GT000060100,"INSIVUMEH, GT",14.58,-90.52,1502,3/3/91,0,",,I"
GT000060100,"INSIVUMEH, GT",14.58,-90.52,1502,3/4/91,0,",,I"
GT000060100,"INSIVUMEH, GT",14.58,-90.52,1502,3/5/91,0,",,I"
GT000060100,"INSIVUMEH, GT",14.58,-90.52,1502,3/6/91,0,",,I"
GT000060100,"INSIVUMEH, GT",14.58,-90.52,1502,3/7/91,0,",,I"
GT000060100,"INSIVUMEH, GT",14.58,-90.52,1502,3/8/91,0,",,I"
GT000060100,"INSIVUMEH, GT",14.58,-90.52,1502,3/9/91,0,",,I"
GT000060100,"INSIVUMEH, GT",14.58,-90.52,1502,3/10/91,0,",,I"
GT000060100,"INSIVUMEH, GT",14.58,-90.52,1502,3/11/91,0,",,I"
GT000060100,"INSIVUMEH, GT",14.58,-90.52,1502,3/12/91,0,",,I"
GT000060100,"INSIVUMEH, GT",14.58,-90.52,1502,3/13/91,0,",,I"
GT000060100,"INSIVUMEH, GT",14.58,-90.52,1502,3/14/91,0,",,I"
GT000060100,"INSIVUMEH, GT",14.58,-90.52,1502,3/15/91,0,",,I"
GT000060100,"INSIVUMEH, GT",14.58,-90.52,1502,3/16/91,0,",,I"
GT000060100,"INSIVUMEH, GT",14.58,-90.52,1502,3/17/91,0,",,I"
GT000060100,"INSIVUMEH, GT",14.58,-90.52,1502,3/18/91,0,",,I"
GT000060100,"INSIVUMEH, GT",14.58,-90.52,1502,3/19/91,0,",,I"
GT000060100,"INSIVUMEH, GT",14.58,-90.52,1502,3/20/91,0,",,I"
GT000060100,"INSIVUMEH, GT",14.58,-90.52,1502,3/21/91,0,",,I"
GT000060100,"INSIVUMEH, GT",14.58,-90.52,1502,3/22/91,0,",,I"
GT000060100,"INSIVUMEH, GT",14.58,-90.52,1502,3/23/91,0,",,I"
GT000060100,"INSIVUMEH, GT",14.58,-90.52,1502,3/24/91,0,",,I"
GT000060100,"INSIVUMEH, GT",14.58,-90.52,1502,3/25/91,0,",,I"
GT000060100,"INSIVUMEH, GT",14.58,-90.52,1502,3/26/91,0,",,I"
GT000060100,"INSIVUMEH, GT",14.58,-90.52,1502,3/27/91,0,",,I"
GT000060100,"INSIVUMEH, GT",14.58,-90.52,1502,3/28/91,0,",,I"
GT000060100,"INSIVUMEH, GT",14.58,-90.52,1502,3/29/91,0,",,I"
GT000060100,"INSIVUMEH, GT",14.58,-90.52,1502,3/30/91,0,",,I"
GT000060100,"INSIVUMEH, GT",14.58,-90.52,1502,3/31/91,0,",,I"
GT000060100,"INSIVUMEH, GT",14.58,-90.52,1502,4/1/91,0.24,",,I"
GT000060100,"INSIVUMEH, GT",14.58,-90.52,1502,4/2/91,0,",,I"
GT000060100,"INSIVUMEH, GT",14.58,-90.52,1502,4/3/91,0,",,I"
GT000060100,"INSIVUMEH, GT",14.58,-90.52,1502,4/4/91,0,",,I"
GT000060100,"INSIVUMEH, GT",14.58,-90.52,1502,4/5/91,0,",,I"
GT000060100,"INSIVUMEH, GT",14.58,-90.52,1502,4/6/91,0,",,I"
GT000060100,"INSIVUMEH, GT",14.58,-90.52,1502,4/7/91,0,",,I"
GT000060100,"INSIVUMEH, GT",14.58,-90.52,1502,4/8/91,0,",,I"
GT000060100,"INSIVUMEH, GT",14.58,-90.52,1502,4/9/91,0,",,I"
GT000060100,"INSIVUMEH, GT",14.58,-90.52,1502,4/10/91,0,",,I"
GT000060100,"INSIVUMEH, GT",14.58,-90.52,1502,4/11/91,0,",,I"
GT000060100,"INSIVUMEH, GT",14.58,-90.52,1502,4/12/91,0,",,I"
GT000060100,"INSIVUMEH, GT",14.58,-90.52,1502,4/13/91,0,",,I"
GT000060100,"INSIVUMEH, GT",14.58,-90.52,1502,4/14/91,0,",,I"
GT000060100,"INSIVUMEH, GT",14.58,-90.52,1502,4/15/91,0,",,I"
GT000060100,"INSIVUMEH, GT",14.58,-90.52,1502,4/16/91,0,",,I"
GT000060100,"INSIVUMEH, GT",14.58,-90.52,1502,4/17/91,0,",,I"
GT000060100,"INSIVUMEH, GT",14.58,-90.52,1502,4/18/91,0,",,I"
GT000060100,"INSIVUMEH, GT",14.58,-90.52,1502,4/19/91,0,",,I"
GT000060100,"INSIVUMEH, GT",14.58,-90.52,1502,4/20/91,0,",,I"
GT000060100,"INSIVUMEH, GT",14.58,-90.52,1502,4/21/91,0.13,",,I"
GT000060100,"INSIVUMEH, GT",14.58,-90.52,1502,4/22/91,0,",,I"
GT000060100,"INSIVUMEH, GT",14.58,-90.52,1502,4/23/91,0,",,I"
GT000060100,"INSIVUMEH, GT",14.58,-90.52,1502,4/24/91,0,",,I"
GT000060100,"INSIVUMEH, GT",14.58,-90.52,1502,4/25/91,0.07,",,I"
GT000060100,"INSIVUMEH, GT",14.58,-90.52,1502,4/26/91,0.07,",,I"
GT000060100,"INSIVUMEH, GT",14.58,-90.52,1502,4/27/91,0.04,",,I"
GT000060100,"INSIVUMEH, GT",14.58,-90.52,1502,4/28/91,0,",,I"
GT000060100,"INSIVUMEH, GT",14.58,-90.52,1502,4/29/91,0,",,I"
GT000060100,"INSIVUMEH, GT",14.58,-90.52,1502,4/30/91,0,",,I"
GT000060100,"INSIVUMEH, GT",14.58,-90.52,1502,5/1/91,0.06,",,I"
GT000060100,"INSIVUMEH, GT",14.58,-90.52,1502,5/2/91,1.43,",,I"
GT000060100,"INSIVUMEH, GT",14.58,-90.52,1502,5/3/91,0,",,I"
GT000060100,"INSIVUMEH, GT",14.58,-90.52,1502,5/4/91,0,",,I"
GT000060100,"INSIVUMEH, GT",14.58,-90.52,1502,5/5/91,0.05,",,I"
GT000060100,"INSIVUMEH, GT",14.58,-90.52,1502,5/6/91,0,",,I"
GT000060100,"INSIVUMEH, GT",14.58,-90.52,1502,5/7/91,0,",,I"
GT000060100,"INSIVUMEH, GT",14.58,-90.52,1502,5/8/91,0,",,I"
GT000060100,"INSIVUMEH, GT",14.58,-90.52,1502,5/9/91,0,",,I"
GT000060100,"INSIVUMEH, GT",14.58,-90.52,1502,5/10/91,0.37,",,I"
GT000060100,"INSIVUMEH, GT",14.58,-90.52,1502,5/11/91,0,",,I"
GT000060100,"INSIVUMEH, GT",14.58,-90.52,1502,5/12/91,0.17,",,I"
GT000060100,"INSIVUMEH, GT",14.58,-90.52,1502,5/13/91,0.37,",,I"
GT000060100,"INSIVUMEH, GT",14.58,-90.52,1502,5/14/91,0.13,",,I"
GT000060100,"INSIVUMEH, GT",14.58,-90.52,1502,5/15/91,0.05,",,I"
GT000060100,"INSIVUMEH, GT",14.58,-90.52,1502,5/16/91,0,",,I"
GT000060100,"INSIVUMEH, GT",14.58,-90.52,1502,5/17/91,0.02,",,I"
GT000060100,"INSIVUMEH, GT",14.58,-90.52,1502,5/18/91,0,",,I"
GT000060100,"INSIVUMEH, GT",14.58,-90.52,1502,5/19/91,0.2,",,I"
GT000060100,"INSIVUMEH, GT",14.58,-90.52,1502,5/20/91,0.08,",,I"
GT000060100,"INSIVUMEH, GT",14.58,-90.52,1502,5/21/91,0.25,",,I"
GT000060100,"INSIVUMEH, GT",14.58,-90.52,1502,5/22/91,0,",,I"
GT000060100,"INSIVUMEH, GT",14.58,-90.52,1502,5/23/91,0,",,I"
GT000060100,"INSIVUMEH, GT",14.58,-90.52,1502,5/24/91,0,",,I"
GT000060100,"INSIVUMEH, GT",14.58,-90.52,1502,5/25/91,0,",,I"
GT000060100,"INSIVUMEH, GT",14.58,-90.52,1502,5/26/91,0,",,I"
GT000060100,"INSIVUMEH, GT",14.58,-90.52,1502,5/27/91,0.26,",,I"
GT000060100,"INSIVUMEH, GT",14.58,-90.52,1502,5/28/91,0,",,I"
GT000060100,"INSIVUMEH, GT",14.58,-90.52,1502,5/29/91,0,",,I"
GT000060100,"INSIVUMEH, GT",14.58,-90.52,1502,5/30/91,1.65,",,I"
GT000060100,"INSIVUMEH, GT",14.58,-90.52,1502,5/31/91,0,",,I"
GT000060100,"INSIVUMEH, GT",14.58,-90.52,1502,6/1/91,0,",,I"
GT000060100,"INSIVUMEH, GT",14.58,-90.52,1502,6/2/91,0,",,I"
GT000060100,"INSIVUMEH, GT",14.58,-90.52,1502,6/3/91,0.11,",,I"
GT000060100,"INSIVUMEH, GT",14.58,-90.52,1502,6/4/91,0.15,",,I"
GT000060100,"INSIVUMEH, GT",14.58,-90.52,1502,6/5/91,1.07,",,I"
GT000060100,"INSIVUMEH, GT",14.58,-90.52,1502,6/6/91,0,",,I"
GT000060100,"INSIVUMEH, GT",14.58,-90.52,1502,6/7/91,0.07,",,I"
GT000060100,"INSIVUMEH, GT",14.58,-90.52,1502,6/8/91,0,",,I"
GT000060100,"INSIVUMEH, GT",14.58,-90.52,1502,6/9/91,0.78,",,I"
GT000060100,"INSIVUMEH, GT",14.58,-90.52,1502,6/10/91,0.11,",,I"
GT000060100,"INSIVUMEH, GT",14.58,-90.52,1502,6/11/91,0,",,I"
GT000060100,"INSIVUMEH, GT",14.58,-90.52,1502,6/12/91,0,",,I"
GT000060100,"INSIVUMEH, GT",14.58,-90.52,1502,6/13/91,0,",,I"
GT000060100,"INSIVUMEH, GT",14.58,-90.52,1502,6/14/91,0.33,",,I"
GT000060100,"INSIVUMEH, GT",14.58,-90.52,1502,6/15/91,0,",,I"
GT000060100,"INSIVUMEH, GT",14.58,-90.52,1502,6/16/91,0.89,",,I"
GT000060100,"INSIVUMEH, GT",14.58,-90.52,1502,6/17/91,0,",,I"
GT000060100,"INSIVUMEH, GT",14.58,-90.52,1502,6/18/91,0,",,I"
GT000060100,"INSIVUMEH, GT",14.58,-90.52,1502,6/19/91,0,",,I"
GT000060100,"INSIVUMEH, GT",14.58,-90.52,1502,6/20/91,1.07,",,I"
GT000060100,"INSIVUMEH, GT",14.58,-90.52,1502,6/21/91,0.48,",,I"
GT000060100,"INSIVUMEH, GT",14.58,-90.52,1502,6/22/91,0.51,",,I"
GT000060100,"INSIVUMEH, GT",14.58,-90.52,1502,6/23/91,1.75,",,I"
GT000060100,"INSIVUMEH, GT",14.58,-90.52,1502,6/24/91,0.61,",,I"
GT000060100,"INSIVUMEH, GT",14.58,-90.52,1502,6/25/91,0.1,",,I"
GT000060100,"INSIVUMEH, GT",14.58,-90.52,1502,6/26/91,0.91,",,I"
GT000060100,"INSIVUMEH, GT",14.58,-90.52,1502,6/27/91,3.13,",,I"
GT000060100,"INSIVUMEH, GT",14.58,-90.52,1502,6/28/91,0.22,",,I"
GT000060100,"INSIVUMEH, GT",14.58,-90.52,1502,6/29/91,0.52,",,I"
GT000060100,"INSIVUMEH, GT",14.58,-90.52,1502,6/30/91,0.12,",,I"
GT000060100,"INSIVUMEH, GT",14.58,-90.52,1502,7/1/91,0.18,",,I"
GT000060100,"INSIVUMEH, GT",14.58,-90.52,1502,7/2/91,0.74,",,I"
GT000060100,"INSIVUMEH, GT",14.58,-90.52,1502,7/3/91,0,",,I"
GT000060100,"INSIVUMEH, GT",14.58,-90.52,1502,7/4/91,0,",,I"
GT000060100,"INSIVUMEH, GT",14.58,-90.52,1502,7/5/91,2.5,",,I"
GT000060100,"INSIVUMEH, GT",14.58,-90.52,1502,7/6/91,0.76,",,I"
GT000060100,"INSIVUMEH, GT",14.58,-90.52,1502,7/7/91,0.09,",,I"
GT000060100,"INSIVUMEH, GT",14.58,-90.52,1502,7/8/91,0.85,",,I"
GT000060100,"INSIVUMEH, GT",14.58,-90.52,1502,7/9/91,0,",,I"
GT000060100,"INSIVUMEH, GT",14.58,-90.52,1502,7/10/91,0,",,I"
GT000060100,"INSIVUMEH, GT",14.58,-90.52,1502,7/11/91,0,",,I"
GT000060100,"INSIVUMEH, GT",14.58,-90.52,1502,7/12/91,0,",,I"
GT000060100,"INSIVUMEH, GT",14.58,-90.52,1502,7/13/91,0,",,I"
GT000060100,"INSIVUMEH, GT",14.58,-90.52,1502,7/14/91,0.06,",,I"
GT000060100,"INSIVUMEH, GT",14.58,-90.52,1502,7/15/91,0,",,I"
GT000060100,"INSIVUMEH, GT",14.58,-90.52,1502,7/16/91,0,",,I"
GT000060100,"INSIVUMEH, GT",14.58,-90.52,1502,7/17/91,0,",,I"
GT000060100,"INSIVUMEH, GT",14.58,-90.52,1502,7/18/91,0.26,",,I"
GT000060100,"INSIVUMEH, GT",14.58,-90.52,1502,7/19/91,0.13,",,I"
GT000060100,"INSIVUMEH, GT",14.58,-90.52,1502,7/20/91,0,",,I"
GT000060100,"INSIVUMEH, GT",14.58,-90.52,1502,7/21/91,0,",,I"
GT000060100,"INSIVUMEH, GT",14.58,-90.52,1502,7/22/91,0.64,",,I"
GT000060100,"INSIVUMEH, GT",14.58,-90.52,1502,7/23/91,0,",,I"
GT000060100,"INSIVUMEH, GT",14.58,-90.52,1502,7/24/91,0,",,I"
GT000060100,"INSIVUMEH, GT",14.58,-90.52,1502,7/25/91,0,",,I"
GT000060100,"INSIVUMEH, GT",14.58,-90.52,1502,7/26/91,0,",,I"
GT000060100,"INSIVUMEH, GT",14.58,-90.52,1502,7/27/91,0,",,I"
GT000060100,"INSIVUMEH, GT",14.58,-90.52,1502,7/28/91,0,",,I"
GT000060100,"INSIVUMEH, GT",14.58,-90.52,1502,7/29/91,0,",,I"
GT000060100,"INSIVUMEH, GT",14.58,-90.52,1502,7/30/91,0,",,I"
GT000060100,"INSIVUMEH, GT",14.58,-90.52,1502,7/31/91,0,",,I"
GT000060100,"INSIVUMEH, GT",14.58,-90.52,1502,8/1/91,0,",,I"
GT000060100,"INSIVUMEH, GT",14.58,-90.52,1502,8/2/91,0,",,I"
GT000060100,"INSIVUMEH, GT",14.58,-90.52,1502,8/3/91,0.24,",,I"
GT000060100,"INSIVUMEH, GT",14.58,-90.52,1502,8/4/91,0.18,",,I"
GT000060100,"INSIVUMEH, GT",14.58,-90.52,1502,8/5/91,0.05,",,I"
GT000060100,"INSIVUMEH, GT",14.58,-90.52,1502,8/6/91,0.37,",,I"
GT000060100,"INSIVUMEH, GT",14.58,-90.52,1502,8/7/91,1.38,",,I"
GT000060100,"INSIVUMEH, GT",14.58,-90.52,1502,8/8/91,0,",,I"
GT000060100,"INSIVUMEH, GT",14.58,-90.52,1502,8/9/91,0,",,I"
GT000060100,"INSIVUMEH, GT",14.58,-90.52,1502,8/10/91,0,",,I"
GT000060100,"INSIVUMEH, GT",14.58,-90.52,1502,8/11/91,0,",,I"
GT000060100,"INSIVUMEH, GT",14.58,-90.52,1502,8/12/91,0,",,I"
GT000060100,"INSIVUMEH, GT",14.58,-90.52,1502,8/13/91,0.03,",,I"
GT000060100,"INSIVUMEH, GT",14.58,-90.52,1502,8/14/91,0,",,I"
GT000060100,"INSIVUMEH, GT",14.58,-90.52,1502,8/15/91,0.04,",,I"
GT000060100,"INSIVUMEH, GT",14.58,-90.52,1502,8/16/91,0,",,I"
GT000060100,"INSIVUMEH, GT",14.58,-90.52,1502,8/17/91,0,",,I"
GT000060100,"INSIVUMEH, GT",14.58,-90.52,1502,8/18/91,0.07,",,I"
GT000060100,"INSIVUMEH, GT",14.58,-90.52,1502,8/19/91,0.09,",,I"
GT000060100,"INSIVUMEH, GT",14.58,-90.52,1502,8/20/91,0.07,",,I"
GT000060100,"INSIVUMEH, GT",14.58,-90.52,1502,8/21/91,0.02,",,I"
GT000060100,"INSIVUMEH, GT",14.58,-90.52,1502,8/22/91,0,",,I"
GT000060100,"INSIVUMEH, GT",14.58,-90.52,1502,8/23/91,0.11,",,I"
GT000060100,"INSIVUMEH, GT",14.58,-90.52,1502,8/24/91,0.01,",,I"
GT000060100,"INSIVUMEH, GT",14.58,-90.52,1502,8/25/91,0,",,I"
GT000060100,"INSIVUMEH, GT",14.58,-90.52,1502,8/26/91,0.04,",,I"
GT000060100,"INSIVUMEH, GT",14.58,-90.52,1502,8/27/91,0,",,I"
GT000060100,"INSIVUMEH, GT",14.58,-90.52,1502,8/28/91,0,",,I"
GT000060100,"INSIVUMEH, GT",14.58,-90.52,1502,8/29/91,0,",,I"
GT000060100,"INSIVUMEH, GT",14.58,-90.52,1502,8/30/91,0,",,I"
GT000060100,"INSIVUMEH, GT",14.58,-90.52,1502,8/31/91,0,",,I"
GT000060100,"INSIVUMEH, GT",14.58,-90.52,1502,9/1/91,0.84,",,I"
GT000060100,"INSIVUMEH, GT",14.58,-90.52,1502,9/2/91,0,",,I"
GT000060100,"INSIVUMEH, GT",14.58,-90.52,1502,9/3/91,0.47,",,I"
GT000060100,"INSIVUMEH, GT",14.58,-90.52,1502,9/4/91,0,",,I"
GT000060100,"INSIVUMEH, GT",14.58,-90.52,1502,9/5/91,0,",,I"
GT000060100,"INSIVUMEH, GT",14.58,-90.52,1502,9/6/91,0.07,",,I"
GT000060100,"INSIVUMEH, GT",14.58,-90.52,1502,9/7/91,0,",,I"
GT000060100,"INSIVUMEH, GT",14.58,-90.52,1502,9/8/91,0.63,",,I"
GT000060100,"INSIVUMEH, GT",14.58,-90.52,1502,9/9/91,0.11,",,I"
GT000060100,"INSIVUMEH, GT",14.58,-90.52,1502,9/10/91,0,",,I"
GT000060100,"INSIVUMEH, GT",14.58,-90.52,1502,9/11/91,0,",,I"
GT000060100,"INSIVUMEH, GT",14.58,-90.52,1502,9/12/91,0,",,I"
GT000060100,"INSIVUMEH, GT",14.58,-90.52,1502,9/13/91,0.62,",,I"
GT000060100,"INSIVUMEH, GT",14.58,-90.52,1502,9/14/91,0.01,",,I"
GT000060100,"INSIVUMEH, GT",14.58,-90.52,1502,9/15/91,0.16,",,I"
GT000060100,"INSIVUMEH, GT",14.58,-90.52,1502,9/16/91,0,",,I"
GT000060100,"INSIVUMEH, GT",14.58,-90.52,1502,9/17/91,0,",,I"
GT000060100,"INSIVUMEH, GT",14.58,-90.52,1502,9/18/91,0,",,I"
GT000060100,"INSIVUMEH, GT",14.58,-90.52,1502,9/19/91,0,",,I"
GT000060100,"INSIVUMEH, GT",14.58,-90.52,1502,9/20/91,0,",,I"
GT000060100,"INSIVUMEH, GT",14.58,-90.52,1502,9/21/91,0,",,I"
GT000060100,"INSIVUMEH, GT",14.58,-90.52,1502,9/22/91,0.31,",,I"
GT000060100,"INSIVUMEH, GT",14.58,-90.52,1502,9/23/91,1.99,",,I"
GT000060100,"INSIVUMEH, GT",14.58,-90.52,1502,9/24/91,1.14,",,I"
GT000060100,"INSIVUMEH, GT",14.58,-90.52,1502,9/25/91,0.01,",,I"
GT000060100,"INSIVUMEH, GT",14.58,-90.52,1502,9/26/91,0.62,",,I"
GT000060100,"INSIVUMEH, GT",14.58,-90.52,1502,9/27/91,0.03,",,I"
GT000060100,"INSIVUMEH, GT",14.58,-90.52,1502,9/28/91,0.07,",,I"
GT000060100,"INSIVUMEH, GT",14.58,-90.52,1502,9/29/91,0.01,",,I"
GT000060100,"INSIVUMEH, GT",14.58,-90.52,1502,9/30/91,0,",,I"
GT000060100,"INSIVUMEH, GT",14.58,-90.52,1502,10/1/91,0,",,I"
GT000060100,"INSIVUMEH, GT",14.58,-90.52,1502,10/2/91,0,",,I"
GT000060100,"INSIVUMEH, GT",14.58,-90.52,1502,10/3/91,0.35,",,I"
GT000060100,"INSIVUMEH, GT",14.58,-90.52,1502,10/4/91,0.89,",,I"
GT000060100,"INSIVUMEH, GT",14.58,-90.52,1502,10/5/91,0.11,",,I"
GT000060100,"INSIVUMEH, GT",14.58,-90.52,1502,10/6/91,0.94,",,I"
GT000060100,"INSIVUMEH, GT",14.58,-90.52,1502,10/7/91,0.28,",,I"
GT000060100,"INSIVUMEH, GT",14.58,-90.52,1502,10/8/91,0.05,",,I"
GT000060100,"INSIVUMEH, GT",14.58,-90.52,1502,10/9/91,0.01,",,I"
GT000060100,"INSIVUMEH, GT",14.58,-90.52,1502,10/10/91,0.35,",,I"
GT000060100,"INSIVUMEH, GT",14.58,-90.52,1502,10/11/91,0,",,I"
GT000060100,"INSIVUMEH, GT",14.58,-90.52,1502,10/12/91,0.61,",,I"
GT000060100,"INSIVUMEH, GT",14.58,-90.52,1502,10/13/91,0.02,",,I"
GT000060100,"INSIVUMEH, GT",14.58,-90.52,1502,10/14/91,0,",,I"
GT000060100,"INSIVUMEH, GT",14.58,-90.52,1502,10/15/91,0.02,",,I"
GT000060100,"INSIVUMEH, GT",14.58,-90.52,1502,10/16/91,0.44,",,I"
GT000060100,"INSIVUMEH, GT",14.58,-90.52,1502,10/17/91,0,",,I"
GT000060100,"INSIVUMEH, GT",14.58,-90.52,1502,10/18/91,0.02,",,I"
GT000060100,"INSIVUMEH, GT",14.58,-90.52,1502,10/19/91,0,",,I"
GT000060100,"INSIVUMEH, GT",14.58,-90.52,1502,10/20/91,0,",,I"
GT000060100,"INSIVUMEH, GT",14.58,-90.52,1502,10/21/91,0,",,I"
GT000060100,"INSIVUMEH, GT",14.58,-90.52,1502,10/22/91,0.03,",,I"
GT000060100,"INSIVUMEH, GT",14.58,-90.52,1502,10/23/91,3.16,",,I"
GT000060100,"INSIVUMEH, GT",14.58,-90.52,1502,10/24/91,0.01,",,I"
GT000060100,"INSIVUMEH, GT",14.58,-90.52,1502,10/25/91,0,",,I"
GT000060100,"INSIVUMEH, GT",14.58,-90.52,1502,10/26/91,0,",,I"
GT000060100,"INSIVUMEH, GT",14.58,-90.52,1502,10/27/91,0,",,I"
GT000060100,"INSIVUMEH, GT",14.58,-90.52,1502,10/28/91,0,",,I"
GT000060100,"INSIVUMEH, GT",14.58,-90.52,1502,10/29/91,0.18,",,I"
GT000060100,"INSIVUMEH, GT",14.58,-90.52,1502,10/30/91,0,",,I"
GT000060100,"INSIVUMEH, GT",14.58,-90.52,1502,10/31/91,0,",,I"
GT000060100,"INSIVUMEH, GT",14.58,-90.52,1502,11/1/91,0.12,",,I"
GT000060100,"INSIVUMEH, GT",14.58,-90.52,1502,11/2/91,0.18,",,I"
GT000060100,"INSIVUMEH, GT",14.58,-90.52,1502,11/3/91,0,",,I"
GT000060100,"INSIVUMEH, GT",14.58,-90.52,1502,11/4/91,0.31,",,I"
GT000060100,"INSIVUMEH, GT",14.58,-90.52,1502,11/5/91,0,",,I"
GT000060100,"INSIVUMEH, GT",14.58,-90.52,1502,11/6/91,0,",,I"
GT000060100,"INSIVUMEH, GT",14.58,-90.52,1502,11/7/91,0,",,I"
GT000060100,"INSIVUMEH, GT",14.58,-90.52,1502,11/8/91,0,",,I"
GT000060100,"INSIVUMEH, GT",14.58,-90.52,1502,11/9/91,0,",,I"
GT000060100,"INSIVUMEH, GT",14.58,-90.52,1502,11/10/91,0,",,I"
GT000060100,"INSIVUMEH, GT",14.58,-90.52,1502,11/11/91,0,",,I"
GT000060100,"INSIVUMEH, GT",14.58,-90.52,1502,11/12/91,0,",,I"
GT000060100,"INSIVUMEH, GT",14.58,-90.52,1502,11/13/91,0,",,I"
GT000060100,"INSIVUMEH, GT",14.58,-90.52,1502,11/14/91,0,",,I"
GT000060100,"INSIVUMEH, GT",14.58,-90.52,1502,11/15/91,0,",,I"
GT000060100,"INSIVUMEH, GT",14.58,-90.52,1502,11/16/91,0,",,I"
GT000060100,"INSIVUMEH, GT",14.58,-90.52,1502,11/17/91,0,",,I"
GT000060100,"INSIVUMEH, GT",14.58,-90.52,1502,11/18/91,0,",,I"
GT000060100,"INSIVUMEH, GT",14.58,-90.52,1502,11/19/91,0,",,I"
GT000060100,"INSIVUMEH, GT",14.58,-90.52,1502,11/20/91,0,",,I"
GT000060100,"INSIVUMEH, GT",14.58,-90.52,1502,11/21/91,0,",,I"
GT000060100,"INSIVUMEH, GT",14.58,-90.52,1502,11/22/91,0,",,I"
GT000060100,"INSIVUMEH, GT",14.58,-90.52,1502,11/23/91,0,",,I"
GT000060100,"INSIVUMEH, GT",14.58,-90.52,1502,11/24/91,0.01,",,I"
GT000060100,"INSIVUMEH, GT",14.58,-90.52,1502,11/25/91,0.01,",,I"
GT000060100,"INSIVUMEH, GT",14.58,-90.52,1502,11/26/91,0,",,I"
GT000060100,"INSIVUMEH, GT",14.58,-90.52,1502,11/27/91,0,",,I"
GT000060100,"INSIVUMEH, GT",14.58,-90.52,1502,11/28/91,0,",,I"
GT000060100,"INSIVUMEH, GT",14.58,-90.52,1502,11/29/91,0,",,I"
GT000060100,"INSIVUMEH, GT",14.58,-90.52,1502,11/30/91,0,",,I"
GT000060100,"INSIVUMEH, GT",14.58,-90.52,1502,12/1/91,0,",,I"
GT000060100,"INSIVUMEH, GT",14.58,-90.52,1502,12/2/91,0,",,I"
GT000060100,"INSIVUMEH, GT",14.58,-90.52,1502,12/3/91,0.01,",,I"
GT000060100,"INSIVUMEH, GT",14.58,-90.52,1502,12/4/91,1.94,",,I"
GT000060100,"INSIVUMEH, GT",14.58,-90.52,1502,12/5/91,0.05,",,I"
GT000060100,"INSIVUMEH, GT",14.58,-90.52,1502,12/6/91,0,",,I"
GT000060100,"INSIVUMEH, GT",14.58,-90.52,1502,12/7/91,0,",,I"
GT000060100,"INSIVUMEH, GT",14.58,-90.52,1502,12/8/91,0,",,I"
GT000060100,"INSIVUMEH, GT",14.58,-90.52,1502,12/9/91,0,",,I"
GT000060100,"INSIVUMEH, GT",14.58,-90.52,1502,12/10/91,0,",,I"
GT000060100,"INSIVUMEH, GT",14.58,-90.52,1502,12/11/91,0,",,I"
GT000060100,"INSIVUMEH, GT",14.58,-90.52,1502,12/12/91,0,",,I"
GT000060100,"INSIVUMEH, GT",14.58,-90.52,1502,12/13/91,0,",,I"
GT000060100,"INSIVUMEH, GT",14.58,-90.52,1502,12/14/91,0,",,I"
GT000060100,"INSIVUMEH, GT",14.58,-90.52,1502,12/15/91,0,",,I"
GT000060100,"INSIVUMEH, GT",14.58,-90.52,1502,12/16/91,0,",,I"
GT000060100,"INSIVUMEH, GT",14.58,-90.52,1502,12/17/91,0,",,I"
GT000060100,"INSIVUMEH, GT",14.58,-90.52,1502,12/18/91,0,",,I"
GT000060100,"INSIVUMEH, GT",14.58,-90.52,1502,12/19/91,0,",,I"
GT000060100,"INSIVUMEH, GT",14.58,-90.52,1502,12/20/91,0,",,I"
GT000060100,"INSIVUMEH, GT",14.58,-90.52,1502,12/21/91,0,",,I"
GT000060100,"INSIVUMEH, GT",14.58,-90.52,1502,12/22/91,0.04,",,I"
GT000060100,"INSIVUMEH, GT",14.58,-90.52,1502,12/23/91,0,",,I"
GT000060100,"INSIVUMEH, GT",14.58,-90.52,1502,12/24/91,0,",,I"
GT000060100,"INSIVUMEH, GT",14.58,-90.52,1502,12/25/91,0,",,I"
GT000060100,"INSIVUMEH, GT",14.58,-90.52,1502,12/26/91,0,",,I"
GT000060100,"INSIVUMEH, GT",14.58,-90.52,1502,12/27/91,0,",,I"
GT000060100,"INSIVUMEH, GT",14.58,-90.52,1502,12/28/91,0,",,I"
GT000060100,"INSIVUMEH, GT",14.58,-90.52,1502,12/29/91,0,",,I"
GT000060100,"INSIVUMEH, GT",14.58,-90.52,1502,12/30/91,0,",,I"
GT000060100,"INSIVUMEH, GT",14.58,-90.52,1502,12/31/91,0,",,I"
GT000060100,"INSIVUMEH, GT",14.58,-90.52,1502,1/1/92,0,",,I"
GT000060100,"INSIVUMEH, GT",14.58,-90.52,1502,1/2/92,0,",,I"
GT000060100,"INSIVUMEH, GT",14.58,-90.52,1502,1/3/92,0,",,I"
GT000060100,"INSIVUMEH, GT",14.58,-90.52,1502,1/4/92,0,",,I"
GT000060100,"INSIVUMEH, GT",14.58,-90.52,1502,1/5/92,0,",,I"
GT000060100,"INSIVUMEH, GT",14.58,-90.52,1502,1/6/92,0,",,I"
GT000060100,"INSIVUMEH, GT",14.58,-90.52,1502,1/7/92,0,",,I"
GT000060100,"INSIVUMEH, GT",14.58,-90.52,1502,1/8/92,0,",,I"
GT000060100,"INSIVUMEH, GT",14.58,-90.52,1502,1/9/92,0,",,I"
GT000060100,"INSIVUMEH, GT",14.58,-90.52,1502,1/10/92,0,",,I"
GT000060100,"INSIVUMEH, GT",14.58,-90.52,1502,1/11/92,0,",,I"
GT000060100,"INSIVUMEH, GT",14.58,-90.52,1502,1/12/92,0,",,I"
GT000060100,"INSIVUMEH, GT",14.58,-90.52,1502,1/13/92,0,",,I"
GT000060100,"INSIVUMEH, GT",14.58,-90.52,1502,1/14/92,0,",,I"
GT000060100,"INSIVUMEH, GT",14.58,-90.52,1502,1/15/92,0,",,I"
GT000060100,"INSIVUMEH, GT",14.58,-90.52,1502,1/16/92,0,",,I"
GT000060100,"INSIVUMEH, GT",14.58,-90.52,1502,1/17/92,0.06,",,I"
GT000060100,"INSIVUMEH, GT",14.58,-90.52,1502,1/18/92,0,",,I"
GT000060100,"INSIVUMEH, GT",14.58,-90.52,1502,1/19/92,0,",,I"
GT000060100,"INSIVUMEH, GT",14.58,-90.52,1502,1/20/92,0,",,I"
GT000060100,"INSIVUMEH, GT",14.58,-90.52,1502,1/21/92,0,",,I"
GT000060100,"INSIVUMEH, GT",14.58,-90.52,1502,1/22/92,0,",,I"
GT000060100,"INSIVUMEH, GT",14.58,-90.52,1502,1/23/92,0,",,I"
GT000060100,"INSIVUMEH, GT",14.58,-90.52,1502,1/24/92,0,",,I"
GT000060100,"INSIVUMEH, GT",14.58,-90.52,1502,1/25/92,0,",,I"
GT000060100,"INSIVUMEH, GT",14.58,-90.52,1502,1/26/92,0,",,I"
GT000060100,"INSIVUMEH, GT",14.58,-90.52,1502,1/27/92,0,",,I"
GT000060100,"INSIVUMEH, GT",14.58,-90.52,1502,1/28/92,0,",,I"
GT000060100,"INSIVUMEH, GT",14.58,-90.52,1502,1/29/92,0,",,I"
GT000060100,"INSIVUMEH, GT",14.58,-90.52,1502,1/30/92,0,",,I"
GT000060100,"INSIVUMEH, GT",14.58,-90.52,1502,1/31/92,0,",,I"
GT000060100,"INSIVUMEH, GT",14.58,-90.52,1502,2/1/92,0,",,I"
GT000060100,"INSIVUMEH, GT",14.58,-90.52,1502,2/2/92,0,",,I"
GT000060100,"INSIVUMEH, GT",14.58,-90.52,1502,2/3/92,0,",,I"
GT000060100,"INSIVUMEH, GT",14.58,-90.52,1502,2/4/92,0,",,I"
GT000060100,"INSIVUMEH, GT",14.58,-90.52,1502,2/5/92,0,",,I"
GT000060100,"INSIVUMEH, GT",14.58,-90.52,1502,2/6/92,0,",,I"
GT000060100,"INSIVUMEH, GT",14.58,-90.52,1502,2/7/92,0,",,I"
GT000060100,"INSIVUMEH, GT",14.58,-90.52,1502,2/8/92,0,",,I"
GT000060100,"INSIVUMEH, GT",14.58,-90.52,1502,2/9/92,0,",,I"
GT000060100,"INSIVUMEH, GT",14.58,-90.52,1502,2/10/92,0,",,I"
GT000060100,"INSIVUMEH, GT",14.58,-90.52,1502,2/11/92,0,",,I"
GT000060100,"INSIVUMEH, GT",14.58,-90.52,1502,2/12/92,0,",,I"
GT000060100,"INSIVUMEH, GT",14.58,-90.52,1502,2/13/92,0,",,I"
GT000060100,"INSIVUMEH, GT",14.58,-90.52,1502,2/14/92,0,",,I"
GT000060100,"INSIVUMEH, GT",14.58,-90.52,1502,2/15/92,0,",,I"
GT000060100,"INSIVUMEH, GT",14.58,-90.52,1502,2/16/92,0,",,I"
GT000060100,"INSIVUMEH, GT",14.58,-90.52,1502,2/17/92,0,",,I"
GT000060100,"INSIVUMEH, GT",14.58,-90.52,1502,2/18/92,0,",,I"
GT000060100,"INSIVUMEH, GT",14.58,-90.52,1502,2/19/92,0,",,I"
GT000060100,"INSIVUMEH, GT",14.58,-90.52,1502,2/20/92,0,",,I"
GT000060100,"INSIVUMEH, GT",14.58,-90.52,1502,2/21/92,0,",,I"
GT000060100,"INSIVUMEH, GT",14.58,-90.52,1502,2/22/92,0,",,I"
GT000060100,"INSIVUMEH, GT",14.58,-90.52,1502,2/23/92,0,",,I"
GT000060100,"INSIVUMEH, GT",14.58,-90.52,1502,2/24/92,0,",,I"
GT000060100,"INSIVUMEH, GT",14.58,-90.52,1502,2/25/92,0,",,I"
GT000060100,"INSIVUMEH, GT",14.58,-90.52,1502,2/26/92,0,",,I"
GT000060100,"INSIVUMEH, GT",14.58,-90.52,1502,2/27/92,0,",,I"
GT000060100,"INSIVUMEH, GT",14.58,-90.52,1502,2/28/92,0,",,I"
GT000060100,"INSIVUMEH, GT",14.58,-90.52,1502,2/29/92,0,",,I"
GT000060100,"INSIVUMEH, GT",14.58,-90.52,1502,3/1/92,0,",,I"
GT000060100,"INSIVUMEH, GT",14.58,-90.52,1502,3/2/92,0,",,I"
GT000060100,"INSIVUMEH, GT",14.58,-90.52,1502,3/3/92,0.04,",,I"
GT000060100,"INSIVUMEH, GT",14.58,-90.52,1502,3/4/92,0,",,I"
GT000060100,"INSIVUMEH, GT",14.58,-90.52,1502,3/5/92,0,",,I"
GT000060100,"INSIVUMEH, GT",14.58,-90.52,1502,3/6/92,0,",,I"
GT000060100,"INSIVUMEH, GT",14.58,-90.52,1502,3/7/92,0,",,I"
GT000060100,"INSIVUMEH, GT",14.58,-90.52,1502,3/8/92,0,",,I"
GT000060100,"INSIVUMEH, GT",14.58,-90.52,1502,3/9/92,0,",,I"
GT000060100,"INSIVUMEH, GT",14.58,-90.52,1502,3/10/92,0,",,I"
GT000060100,"INSIVUMEH, GT",14.58,-90.52,1502,3/11/92,0,",,I"
GT000060100,"INSIVUMEH, GT",14.58,-90.52,1502,3/12/92,0,",,I"
GT000060100,"INSIVUMEH, GT",14.58,-90.52,1502,3/13/92,0,",,I"
GT000060100,"INSIVUMEH, GT",14.58,-90.52,1502,3/14/92,0,",,I"
GT000060100,"INSIVUMEH, GT",14.58,-90.52,1502,3/15/92,0,",,I"
GT000060100,"INSIVUMEH, GT",14.58,-90.52,1502,3/16/92,0,",,I"
GT000060100,"INSIVUMEH, GT",14.58,-90.52,1502,3/17/92,0,",,I"
GT000060100,"INSIVUMEH, GT",14.58,-90.52,1502,3/18/92,0,",,I"
GT000060100,"INSIVUMEH, GT",14.58,-90.52,1502,3/19/92,0,",,I"
GT000060100,"INSIVUMEH, GT",14.58,-90.52,1502,3/20/92,0,",,I"
GT000060100,"INSIVUMEH, GT",14.58,-90.52,1502,3/21/92,0,",,I"
GT000060100,"INSIVUMEH, GT",14.58,-90.52,1502,3/22/92,0,",,I"
GT000060100,"INSIVUMEH, GT",14.58,-90.52,1502,3/23/92,0,",,I"
GT000060100,"INSIVUMEH, GT",14.58,-90.52,1502,3/24/92,0,",,I"
GT000060100,"INSIVUMEH, GT",14.58,-90.52,1502,3/25/92,0,",,I"
GT000060100,"INSIVUMEH, GT",14.58,-90.52,1502,3/26/92,0.32,",,I"
GT000060100,"INSIVUMEH, GT",14.58,-90.52,1502,3/27/92,0,",,I"
GT000060100,"INSIVUMEH, GT",14.58,-90.52,1502,3/28/92,0,",,I"
GT000060100,"INSIVUMEH, GT",14.58,-90.52,1502,3/29/92,0,",,I"
GT000060100,"INSIVUMEH, GT",14.58,-90.52,1502,3/30/92,0,",,I"
GT000060100,"INSIVUMEH, GT",14.58,-90.52,1502,3/31/92,0.1,",,I"
GT000060100,"INSIVUMEH, GT",14.58,-90.52,1502,4/1/92,0,",,I"
GT000060100,"INSIVUMEH, GT",14.58,-90.52,1502,4/2/92,0,",,I"
GT000060100,"INSIVUMEH, GT",14.58,-90.52,1502,4/3/92,0,",,I"
GT000060100,"INSIVUMEH, GT",14.58,-90.52,1502,4/4/92,0,",,I"
GT000060100,"INSIVUMEH, GT",14.58,-90.52,1502,4/5/92,0.04,",,I"
GT000060100,"INSIVUMEH, GT",14.58,-90.52,1502,4/6/92,0.07,",,I"
GT000060100,"INSIVUMEH, GT",14.58,-90.52,1502,4/7/92,0,",,I"
GT000060100,"INSIVUMEH, GT",14.58,-90.52,1502,4/8/92,0,",,I"
GT000060100,"INSIVUMEH, GT",14.58,-90.52,1502,4/9/92,0,",,I"
GT000060100,"INSIVUMEH, GT",14.58,-90.52,1502,4/10/92,0,",,I"
GT000060100,"INSIVUMEH, GT",14.58,-90.52,1502,4/11/92,0,",,I"
GT000060100,"INSIVUMEH, GT",14.58,-90.52,1502,4/12/92,0.8,",,I"
GT000060100,"INSIVUMEH, GT",14.58,-90.52,1502,4/13/92,0,",,I"
GT000060100,"INSIVUMEH, GT",14.58,-90.52,1502,4/14/92,0,",,I"
GT000060100,"INSIVUMEH, GT",14.58,-90.52,1502,4/15/92,0,",,I"
GT000060100,"INSIVUMEH, GT",14.58,-90.52,1502,4/16/92,0.37,",,I"
GT000060100,"INSIVUMEH, GT",14.58,-90.52,1502,4/17/92,0,",,I"
GT000060100,"INSIVUMEH, GT",14.58,-90.52,1502,4/18/92,0,",,I"
GT000060100,"INSIVUMEH, GT",14.58,-90.52,1502,4/19/92,0,",,I"
GT000060100,"INSIVUMEH, GT",14.58,-90.52,1502,4/20/92,0,",,I"
GT000060100,"INSIVUMEH, GT",14.58,-90.52,1502,4/21/92,0,",,I"
GT000060100,"INSIVUMEH, GT",14.58,-90.52,1502,4/22/92,0,",,I"
GT000060100,"INSIVUMEH, GT",14.58,-90.52,1502,4/23/92,0,",,I"
GT000060100,"INSIVUMEH, GT",14.58,-90.52,1502,4/24/92,0,",,I"
GT000060100,"INSIVUMEH, GT",14.58,-90.52,1502,4/25/92,0,",,I"
GT000060100,"INSIVUMEH, GT",14.58,-90.52,1502,4/26/92,0,",,I"
GT000060100,"INSIVUMEH, GT",14.58,-90.52,1502,4/27/92,0,",,I"
GT000060100,"INSIVUMEH, GT",14.58,-90.52,1502,4/28/92,0,",,I"
GT000060100,"INSIVUMEH, GT",14.58,-90.52,1502,4/29/92,0,",,I"
GT000060100,"INSIVUMEH, GT",14.58,-90.52,1502,4/30/92,0,",,I"
GT000060100,"INSIVUMEH, GT",14.58,-90.52,1502,5/1/92,0,",,I"
GT000060100,"INSIVUMEH, GT",14.58,-90.52,1502,5/2/92,0,",,I"
GT000060100,"INSIVUMEH, GT",14.58,-90.52,1502,5/3/92,0,",,I"
GT000060100,"INSIVUMEH, GT",14.58,-90.52,1502,5/4/92,0,",,I"
GT000060100,"INSIVUMEH, GT",14.58,-90.52,1502,5/5/92,0,",,I"
GT000060100,"INSIVUMEH, GT",14.58,-90.52,1502,5/6/92,0,",,I"
GT000060100,"INSIVUMEH, GT",14.58,-90.52,1502,5/7/92,0,",,I"
GT000060100,"INSIVUMEH, GT",14.58,-90.52,1502,5/8/92,0,",,I"
GT000060100,"INSIVUMEH, GT",14.58,-90.52,1502,5/9/92,0,",,I"
GT000060100,"INSIVUMEH, GT",14.58,-90.52,1502,5/10/92,0,",,I"
GT000060100,"INSIVUMEH, GT",14.58,-90.52,1502,5/11/92,0,",,I"
GT000060100,"INSIVUMEH, GT",14.58,-90.52,1502,5/12/92,0,",,I"
GT000060100,"INSIVUMEH, GT",14.58,-90.52,1502,5/13/92,0,",,I"
GT000060100,"INSIVUMEH, GT",14.58,-90.52,1502,5/14/92,0,",,I"
GT000060100,"INSIVUMEH, GT",14.58,-90.52,1502,5/15/92,0,",,I"
GT000060100,"INSIVUMEH, GT",14.58,-90.52,1502,5/16/92,0,",,I"
GT000060100,"INSIVUMEH, GT",14.58,-90.52,1502,5/17/92,0,",,I"
GT000060100,"INSIVUMEH, GT",14.58,-90.52,1502,5/18/92,0.03,",,I"
GT000060100,"INSIVUMEH, GT",14.58,-90.52,1502,5/19/92,0.03,",,I"
GT000060100,"INSIVUMEH, GT",14.58,-90.52,1502,5/20/92,0,",,I"
GT000060100,"INSIVUMEH, GT",14.58,-90.52,1502,5/21/92,0,",,I"
GT000060100,"INSIVUMEH, GT",14.58,-90.52,1502,5/22/92,0.1,",,I"
GT000060100,"INSIVUMEH, GT",14.58,-90.52,1502,5/23/92,0,",,I"
GT000060100,"INSIVUMEH, GT",14.58,-90.52,1502,5/24/92,0,",,I"
GT000060100,"INSIVUMEH, GT",14.58,-90.52,1502,5/25/92,0,",,I"
GT000060100,"INSIVUMEH, GT",14.58,-90.52,1502,5/26/92,0.02,",,I"
GT000060100,"INSIVUMEH, GT",14.58,-90.52,1502,5/27/92,0,",,I"
GT000060100,"INSIVUMEH, GT",14.58,-90.52,1502,5/28/92,0,",,I"
GT000060100,"INSIVUMEH, GT",14.58,-90.52,1502,5/29/92,0,",,I"
GT000060100,"INSIVUMEH, GT",14.58,-90.52,1502,5/30/92,0,",,I"
GT000060100,"INSIVUMEH, GT",14.58,-90.52,1502,5/31/92,0.68,",,I"
GT000060100,"INSIVUMEH, GT",14.58,-90.52,1502,6/1/92,0,",,I"
GT000060100,"INSIVUMEH, GT",14.58,-90.52,1502,6/2/92,0,",,I"
GT000060100,"INSIVUMEH, GT",14.58,-90.52,1502,6/3/92,0,",,I"
GT000060100,"INSIVUMEH, GT",14.58,-90.52,1502,6/4/92,0,",,I"
GT000060100,"INSIVUMEH, GT",14.58,-90.52,1502,6/5/92,0,",,I"
GT000060100,"INSIVUMEH, GT",14.58,-90.52,1502,6/6/92,0,",,I"
GT000060100,"INSIVUMEH, GT",14.58,-90.52,1502,6/7/92,0.04,",,I"
GT000060100,"INSIVUMEH, GT",14.58,-90.52,1502,6/8/92,0.58,",,I"
GT000060100,"INSIVUMEH, GT",14.58,-90.52,1502,6/9/92,0.18,",,I"
GT000060100,"INSIVUMEH, GT",14.58,-90.52,1502,6/10/92,0,",,I"
GT000060100,"INSIVUMEH, GT",14.58,-90.52,1502,6/11/92,0.84,",,I"
GT000060100,"INSIVUMEH, GT",14.58,-90.52,1502,6/12/92,0,",,I"
GT000060100,"INSIVUMEH, GT",14.58,-90.52,1502,6/13/92,0.48,",,I"
GT000060100,"INSIVUMEH, GT",14.58,-90.52,1502,6/14/92,0,",,I"
GT000060100,"INSIVUMEH, GT",14.58,-90.52,1502,6/15/92,0,",,I"
GT000060100,"INSIVUMEH, GT",14.58,-90.52,1502,6/16/92,0.22,",,I"
GT000060100,"INSIVUMEH, GT",14.58,-90.52,1502,6/17/92,0.61,",,I"
GT000060100,"INSIVUMEH, GT",14.58,-90.52,1502,6/18/92,0.51,",,I"
GT000060100,"INSIVUMEH, GT",14.58,-90.52,1502,6/19/92,0.23,",,I"
GT000060100,"INSIVUMEH, GT",14.58,-90.52,1502,6/20/92,0,",,I"
GT000060100,"INSIVUMEH, GT",14.58,-90.52,1502,6/21/92,0,",,I"
GT000060100,"INSIVUMEH, GT",14.58,-90.52,1502,6/22/92,0.03,",,I"
GT000060100,"INSIVUMEH, GT",14.58,-90.52,1502,6/23/92,0.24,",,I"
GT000060100,"INSIVUMEH, GT",14.58,-90.52,1502,6/24/92,0.06,",,I"
GT000060100,"INSIVUMEH, GT",14.58,-90.52,1502,6/25/92,0.17,",,I"
GT000060100,"INSIVUMEH, GT",14.58,-90.52,1502,6/26/92,2.35,",,I"
GT000060100,"INSIVUMEH, GT",14.58,-90.52,1502,6/27/92,2.65,",,I"
GT000060100,"INSIVUMEH, GT",14.58,-90.52,1502,6/28/92,0.02,",,I"
GT000060100,"INSIVUMEH, GT",14.58,-90.52,1502,6/29/92,0.93,",,I"
GT000060100,"INSIVUMEH, GT",14.58,-90.52,1502,6/30/92,0.15,",,I"
GT000060100,"INSIVUMEH, GT",14.58,-90.52,1502,7/1/92,1.11,",,I"
GT000060100,"INSIVUMEH, GT",14.58,-90.52,1502,7/2/92,0.09,",,I"
GT000060100,"INSIVUMEH, GT",14.58,-90.52,1502,7/3/92,2.78,",,I"
GT000060100,"INSIVUMEH, GT",14.58,-90.52,1502,7/4/92,0.08,",,I"
GT000060100,"INSIVUMEH, GT",14.58,-90.52,1502,7/5/92,0.16,",,I"
GT000060100,"INSIVUMEH, GT",14.58,-90.52,1502,7/6/92,0.1,",,I"
GT000060100,"INSIVUMEH, GT",14.58,-90.52,1502,7/7/92,0.09,",,I"
GT000060100,"INSIVUMEH, GT",14.58,-90.52,1502,7/8/92,0.49,",,I"
GT000060100,"INSIVUMEH, GT",14.58,-90.52,1502,7/9/92,0.04,",,I"
GT000060100,"INSIVUMEH, GT",14.58,-90.52,1502,7/10/92,0.2,",,I"
GT000060100,"INSIVUMEH, GT",14.58,-90.52,1502,7/11/92,0.03,",,I"
GT000060100,"INSIVUMEH, GT",14.58,-90.52,1502,7/12/92,0.17,",,I"
GT000060100,"INSIVUMEH, GT",14.58,-90.52,1502,7/13/92,0.33,",,I"
GT000060100,"INSIVUMEH, GT",14.58,-90.52,1502,7/14/92,0.04,",,I"
GT000060100,"INSIVUMEH, GT",14.58,-90.52,1502,7/15/92,0.25,",,I"
GT000060100,"INSIVUMEH, GT",14.58,-90.52,1502,7/16/92,0,",,I"
GT000060100,"INSIVUMEH, GT",14.58,-90.52,1502,7/17/92,0.26,",,I"
GT000060100,"INSIVUMEH, GT",14.58,-90.52,1502,7/18/92,0,",,I"
GT000060100,"INSIVUMEH, GT",14.58,-90.52,1502,7/19/92,0,",,I"
GT000060100,"INSIVUMEH, GT",14.58,-90.52,1502,7/20/92,0,",,I"
GT000060100,"INSIVUMEH, GT",14.58,-90.52,1502,7/21/92,0,",,I"
GT000060100,"INSIVUMEH, GT",14.58,-90.52,1502,7/22/92,0,",,I"
GT000060100,"INSIVUMEH, GT",14.58,-90.52,1502,7/23/92,0.54,",,I"
GT000060100,"INSIVUMEH, GT",14.58,-90.52,1502,7/24/92,0.43,",,I"
GT000060100,"INSIVUMEH, GT",14.58,-90.52,1502,7/25/92,0,",,I"
GT000060100,"INSIVUMEH, GT",14.58,-90.52,1502,7/26/92,0.28,",,I"
GT000060100,"INSIVUMEH, GT",14.58,-90.52,1502,7/27/92,0,",,I"
GT000060100,"INSIVUMEH, GT",14.58,-90.52,1502,7/28/92,0,",,I"
GT000060100,"INSIVUMEH, GT",14.58,-90.52,1502,7/29/92,0,",,I"
GT000060100,"INSIVUMEH, GT",14.58,-90.52,1502,7/30/92,0,",,I"
GT000060100,"INSIVUMEH, GT",14.58,-90.52,1502,7/31/92,0,",,I"
GT000060100,"INSIVUMEH, GT",14.58,-90.52,1502,8/1/92,0.1,",,I"
GT000060100,"INSIVUMEH, GT",14.58,-90.52,1502,8/2/92,0,",,I"
GT000060100,"INSIVUMEH, GT",14.58,-90.52,1502,8/3/92,0,",,I"
GT000060100,"INSIVUMEH, GT",14.58,-90.52,1502,8/4/92,0,",,I"
GT000060100,"INSIVUMEH, GT",14.58,-90.52,1502,8/5/92,0.07,",,I"
GT000060100,"INSIVUMEH, GT",14.58,-90.52,1502,8/6/92,0.17,",,I"
GT000060100,"INSIVUMEH, GT",14.58,-90.52,1502,8/7/92,0,",,I"
GT000060100,"INSIVUMEH, GT",14.58,-90.52,1502,8/8/92,0.48,",,I"
GT000060100,"INSIVUMEH, GT",14.58,-90.52,1502,8/9/92,0.48,",,I"
GT000060100,"INSIVUMEH, GT",14.58,-90.52,1502,8/10/92,1.06,",,I"
GT000060100,"INSIVUMEH, GT",14.58,-90.52,1502,8/11/92,0.82,",,I"
GT000060100,"INSIVUMEH, GT",14.58,-90.52,1502,8/12/92,0.09,",,I"
GT000060100,"INSIVUMEH, GT",14.58,-90.52,1502,8/13/92,2.15,",,I"
GT000060100,"INSIVUMEH, GT",14.58,-90.52,1502,8/14/92,1.27,",,I"
GT000060100,"INSIVUMEH, GT",14.58,-90.52,1502,8/15/92,0.48,",,I"
GT000060100,"INSIVUMEH, GT",14.58,-90.52,1502,8/16/92,0.4,",,I"
GT000060100,"INSIVUMEH, GT",14.58,-90.52,1502,8/17/92,0.21,",,I"
GT000060100,"INSIVUMEH, GT",14.58,-90.52,1502,8/18/92,0,",,I"
GT000060100,"INSIVUMEH, GT",14.58,-90.52,1502,8/19/92,0.25,",,I"
GT000060100,"INSIVUMEH, GT",14.58,-90.52,1502,8/20/92,0,",,I"
GT000060100,"INSIVUMEH, GT",14.58,-90.52,1502,8/21/92,0.11,",,I"
GT000060100,"INSIVUMEH, GT",14.58,-90.52,1502,8/22/92,0,",,I"
GT000060100,"INSIVUMEH, GT",14.58,-90.52,1502,8/23/92,0,",,I"
GT000060100,"INSIVUMEH, GT",14.58,-90.52,1502,8/24/92,0,",,I"
GT000060100,"INSIVUMEH, GT",14.58,-90.52,1502,8/25/92,0,",,I"
GT000060100,"INSIVUMEH, GT",14.58,-90.52,1502,8/26/92,0,",,I"
GT000060100,"INSIVUMEH, GT",14.58,-90.52,1502,8/27/92,0.12,",,I"
GT000060100,"INSIVUMEH, GT",14.58,-90.52,1502,8/28/92,0,",,I"
GT000060100,"INSIVUMEH, GT",14.58,-90.52,1502,8/29/92,0,",,I"
GT000060100,"INSIVUMEH, GT",14.58,-90.52,1502,8/30/92,0.01,",,I"
GT000060100,"INSIVUMEH, GT",14.58,-90.52,1502,8/31/92,0,",,I"
GT000060100,"INSIVUMEH, GT",14.58,-90.52,1502,9/1/92,0.12,",,I"
GT000060100,"INSIVUMEH, GT",14.58,-90.52,1502,9/2/92,0.07,",,I"
GT000060100,"INSIVUMEH, GT",14.58,-90.52,1502,9/3/92,0,",,I"
GT000060100,"INSIVUMEH, GT",14.58,-90.52,1502,9/4/92,0,",,I"
GT000060100,"INSIVUMEH, GT",14.58,-90.52,1502,9/5/92,0,",,I"
GT000060100,"INSIVUMEH, GT",14.58,-90.52,1502,9/6/92,0,",,I"
GT000060100,"INSIVUMEH, GT",14.58,-90.52,1502,9/7/92,0.2,",,I"
GT000060100,"INSIVUMEH, GT",14.58,-90.52,1502,9/8/92,0,",,I"
GT000060100,"INSIVUMEH, GT",14.58,-90.52,1502,9/9/92,0.07,",,I"
GT000060100,"INSIVUMEH, GT",14.58,-90.52,1502,9/10/92,0,",,I"
GT000060100,"INSIVUMEH, GT",14.58,-90.52,1502,9/11/92,0.06,",,I"
GT000060100,"INSIVUMEH, GT",14.58,-90.52,1502,9/12/92,1.2,",,I"
GT000060100,"INSIVUMEH, GT",14.58,-90.52,1502,9/13/92,1.26,",,I"
GT000060100,"INSIVUMEH, GT",14.58,-90.52,1502,9/14/92,0,",,I"
GT000060100,"INSIVUMEH, GT",14.58,-90.52,1502,9/15/92,0.16,",,I"
GT000060100,"INSIVUMEH, GT",14.58,-90.52,1502,9/16/92,0.02,",,I"
GT000060100,"INSIVUMEH, GT",14.58,-90.52,1502,9/17/92,0,",,I"
GT000060100,"INSIVUMEH, GT",14.58,-90.52,1502,9/18/92,0.01,",,I"
GT000060100,"INSIVUMEH, GT",14.58,-90.52,1502,9/19/92,0,",,I"
GT000060100,"INSIVUMEH, GT",14.58,-90.52,1502,9/20/92,0.52,",,I"
GT000060100,"INSIVUMEH, GT",14.58,-90.52,1502,9/21/92,0.01,",,I"
GT000060100,"INSIVUMEH, GT",14.58,-90.52,1502,9/22/92,0,",,I"
GT000060100,"INSIVUMEH, GT",14.58,-90.52,1502,9/23/92,0.38,",,I"
GT000060100,"INSIVUMEH, GT",14.58,-90.52,1502,9/24/92,0.07,",,I"
GT000060100,"INSIVUMEH, GT",14.58,-90.52,1502,9/25/92,0,",,I"
GT000060100,"INSIVUMEH, GT",14.58,-90.52,1502,9/26/92,0.45,",,I"
GT000060100,"INSIVUMEH, GT",14.58,-90.52,1502,9/27/92,0.69,",,I"
GT000060100,"INSIVUMEH, GT",14.58,-90.52,1502,9/28/92,0.03,",,I"
GT000060100,"INSIVUMEH, GT",14.58,-90.52,1502,9/29/92,0.64,",,I"
GT000060100,"INSIVUMEH, GT",14.58,-90.52,1502,9/30/92,0.02,",,I"
GT000060100,"INSIVUMEH, GT",14.58,-90.52,1502,10/1/92,0.05,",,I"
GT000060100,"INSIVUMEH, GT",14.58,-90.52,1502,10/2/92,2,",,I"
GT000060100,"INSIVUMEH, GT",14.58,-90.52,1502,10/3/92,0.19,",,I"
GT000060100,"INSIVUMEH, GT",14.58,-90.52,1502,10/4/92,0.01,",,I"
GT000060100,"INSIVUMEH, GT",14.58,-90.52,1502,10/5/92,1.05,",,I"
GT000060100,"INSIVUMEH, GT",14.58,-90.52,1502,10/6/92,0.26,",,I"
GT000060100,"INSIVUMEH, GT",14.58,-90.52,1502,10/7/92,0.47,",,I"
GT000060100,"INSIVUMEH, GT",14.58,-90.52,1502,10/8/92,0.01,",,I"
GT000060100,"INSIVUMEH, GT",14.58,-90.52,1502,10/9/92,0.69,",,I"
GT000060100,"INSIVUMEH, GT",14.58,-90.52,1502,10/10/92,0.02,",,I"
GT000060100,"INSIVUMEH, GT",14.58,-90.52,1502,10/11/92,0,",,I"
GT000060100,"INSIVUMEH, GT",14.58,-90.52,1502,10/12/92,0,",,I"
GT000060100,"INSIVUMEH, GT",14.58,-90.52,1502,10/13/92,0,",,I"
GT000060100,"INSIVUMEH, GT",14.58,-90.52,1502,10/14/92,0,",,I"
GT000060100,"INSIVUMEH, GT",14.58,-90.52,1502,10/15/92,0,",,I"
GT000060100,"INSIVUMEH, GT",14.58,-90.52,1502,10/16/92,0,",,I"
GT000060100,"INSIVUMEH, GT",14.58,-90.52,1502,10/17/92,0,",,I"
GT000060100,"INSIVUMEH, GT",14.58,-90.52,1502,10/18/92,0,",,I"
GT000060100,"INSIVUMEH, GT",14.58,-90.52,1502,10/19/92,0,",,I"
GT000060100,"INSIVUMEH, GT",14.58,-90.52,1502,10/20/92,0,",,I"
GT000060100,"INSIVUMEH, GT",14.58,-90.52,1502,10/21/92,0,",,I"
GT000060100,"INSIVUMEH, GT",14.58,-90.52,1502,10/22/92,0.11,",,I"
GT000060100,"INSIVUMEH, GT",14.58,-90.52,1502,10/23/92,0.05,",,I"
GT000060100,"INSIVUMEH, GT",14.58,-90.52,1502,10/24/92,0.06,",,I"
GT000060100,"INSIVUMEH, GT",14.58,-90.52,1502,10/25/92,0.3,",,I"
GT000060100,"INSIVUMEH, GT",14.58,-90.52,1502,10/26/92,0,",,I"
GT000060100,"INSIVUMEH, GT",14.58,-90.52,1502,10/27/92,0,",,I"
GT000060100,"INSIVUMEH, GT",14.58,-90.52,1502,10/28/92,0,",,I"
GT000060100,"INSIVUMEH, GT",14.58,-90.52,1502,10/29/92,0,",,I"
GT000060100,"INSIVUMEH, GT",14.58,-90.52,1502,10/30/92,0,",,I"
GT000060100,"INSIVUMEH, GT",14.58,-90.52,1502,10/31/92,0,",,I"
GT000060100,"INSIVUMEH, GT",14.58,-90.52,1502,11/1/92,0.18,",,I"
GT000060100,"INSIVUMEH, GT",14.58,-90.52,1502,11/2/92,0,",,I"
GT000060100,"INSIVUMEH, GT",14.58,-90.52,1502,11/3/92,0.19,",,I"
GT000060100,"INSIVUMEH, GT",14.58,-90.52,1502,11/4/92,0,",,I"
GT000060100,"INSIVUMEH, GT",14.58,-90.52,1502,11/5/92,0,",,I"
GT000060100,"INSIVUMEH, GT",14.58,-90.52,1502,11/6/92,0.05,",,I"
GT000060100,"INSIVUMEH, GT",14.58,-90.52,1502,11/7/92,0,",,I"
GT000060100,"INSIVUMEH, GT",14.58,-90.52,1502,11/8/92,0.09,",,I"
GT000060100,"INSIVUMEH, GT",14.58,-90.52,1502,11/9/92,0,",,I"
GT000060100,"INSIVUMEH, GT",14.58,-90.52,1502,11/10/92,0,",,I"
GT000060100,"INSIVUMEH, GT",14.58,-90.52,1502,11/11/92,0,",,I"
GT000060100,"INSIVUMEH, GT",14.58,-90.52,1502,11/12/92,0,",,I"
GT000060100,"INSIVUMEH, GT",14.58,-90.52,1502,11/13/92,0,",,I"
GT000060100,"INSIVUMEH, GT",14.58,-90.52,1502,11/14/92,0,",,I"
GT000060100,"INSIVUMEH, GT",14.58,-90.52,1502,11/15/92,0.1,",,I"
GT000060100,"INSIVUMEH, GT",14.58,-90.52,1502,11/16/92,0.25,",,I"
GT000060100,"INSIVUMEH, GT",14.58,-90.52,1502,11/17/92,0,",,I"
GT000060100,"INSIVUMEH, GT",14.58,-90.52,1502,11/18/92,0,",,I"
GT000060100,"INSIVUMEH, GT",14.58,-90.52,1502,11/19/92,0,",,I"
GT000060100,"INSIVUMEH, GT",14.58,-90.52,1502,11/20/92,0,",,I"
GT000060100,"INSIVUMEH, GT",14.58,-90.52,1502,11/21/92,0,",,I"
GT000060100,"INSIVUMEH, GT",14.58,-90.52,1502,11/22/92,0,",,I"
GT000060100,"INSIVUMEH, GT",14.58,-90.52,1502,11/23/92,0,",,I"
GT000060100,"INSIVUMEH, GT",14.58,-90.52,1502,11/24/92,0,",,I"
GT000060100,"INSIVUMEH, GT",14.58,-90.52,1502,11/25/92,0,",,I"
GT000060100,"INSIVUMEH, GT",14.58,-90.52,1502,11/26/92,0,",,I"
GT000060100,"INSIVUMEH, GT",14.58,-90.52,1502,11/27/92,0,",,I"
GT000060100,"INSIVUMEH, GT",14.58,-90.52,1502,11/28/92,0,",,I"
GT000060100,"INSIVUMEH, GT",14.58,-90.52,1502,11/29/92,0,",,I"
GT000060100,"INSIVUMEH, GT",14.58,-90.52,1502,11/30/92,0,",,I"
GT000060100,"INSIVUMEH, GT",14.58,-90.52,1502,12/1/92,0,",,I"
GT000060100,"INSIVUMEH, GT",14.58,-90.52,1502,12/2/92,0,",,I"
GT000060100,"INSIVUMEH, GT",14.58,-90.52,1502,12/3/92,0,",,I"
GT000060100,"INSIVUMEH, GT",14.58,-90.52,1502,12/4/92,0,",,I"
GT000060100,"INSIVUMEH, GT",14.58,-90.52,1502,12/5/92,0,",,I"
GT000060100,"INSIVUMEH, GT",14.58,-90.52,1502,12/6/92,0,",,I"
GT000060100,"INSIVUMEH, GT",14.58,-90.52,1502,12/7/92,0,",,I"
GT000060100,"INSIVUMEH, GT",14.58,-90.52,1502,12/8/92,0,",,I"
GT000060100,"INSIVUMEH, GT",14.58,-90.52,1502,12/9/92,0,",,I"
GT000060100,"INSIVUMEH, GT",14.58,-90.52,1502,12/10/92,0,",,I"
GT000060100,"INSIVUMEH, GT",14.58,-90.52,1502,12/11/92,0,",,I"
GT000060100,"INSIVUMEH, GT",14.58,-90.52,1502,12/12/92,0,",,I"
GT000060100,"INSIVUMEH, GT",14.58,-90.52,1502,12/13/92,0,",,I"
GT000060100,"INSIVUMEH, GT",14.58,-90.52,1502,12/14/92,0,",,I"
GT000060100,"INSIVUMEH, GT",14.58,-90.52,1502,12/15/92,0,",,I"
GT000060100,"INSIVUMEH, GT",14.58,-90.52,1502,12/16/92,0,",,I"
GT000060100,"INSIVUMEH, GT",14.58,-90.52,1502,12/17/92,0,",,I"
GT000060100,"INSIVUMEH, GT",14.58,-90.52,1502,12/18/92,0,",,I"
GT000060100,"INSIVUMEH, GT",14.58,-90.52,1502,12/19/92,0,",,I"
GT000060100,"INSIVUMEH, GT",14.58,-90.52,1502,12/20/92,0,",,I"
GT000060100,"INSIVUMEH, GT",14.58,-90.52,1502,12/21/92,0,",,I"
GT000060100,"INSIVUMEH, GT",14.58,-90.52,1502,12/22/92,0,",,I"
GT000060100,"INSIVUMEH, GT",14.58,-90.52,1502,12/23/92,0,",,I"
GT000060100,"INSIVUMEH, GT",14.58,-90.52,1502,12/24/92,0,",,I"
GT000060100,"INSIVUMEH, GT",14.58,-90.52,1502,12/25/92,0,",,I"
GT000060100,"INSIVUMEH, GT",14.58,-90.52,1502,12/26/92,0,",,I"
GT000060100,"INSIVUMEH, GT",14.58,-90.52,1502,12/27/92,0,",,I"
GT000060100,"INSIVUMEH, GT",14.58,-90.52,1502,12/28/92,0.02,",,I"
GT000060100,"INSIVUMEH, GT",14.58,-90.52,1502,12/29/92,0,",,I"
GT000060100,"INSIVUMEH, GT",14.58,-90.52,1502,12/30/92,0,",,I"
GT000060100,"INSIVUMEH, GT",14.58,-90.52,1502,12/31/92,0,",,I"
GT000060100,"INSIVUMEH, GT",14.58,-90.52,1502,1/1/93,0,",,I"
GT000060100,"INSIVUMEH, GT",14.58,-90.52,1502,1/2/93,0,",,I"
GT000060100,"INSIVUMEH, GT",14.58,-90.52,1502,1/3/93,0,",,I"
GT000060100,"INSIVUMEH, GT",14.58,-90.52,1502,1/4/93,0,",,I"
GT000060100,"INSIVUMEH, GT",14.58,-90.52,1502,1/5/93,0,",,I"
GT000060100,"INSIVUMEH, GT",14.58,-90.52,1502,1/6/93,0,",,I"
GT000060100,"INSIVUMEH, GT",14.58,-90.52,1502,1/7/93,0,",,I"
GT000060100,"INSIVUMEH, GT",14.58,-90.52,1502,1/8/93,0,",,I"
GT000060100,"INSIVUMEH, GT",14.58,-90.52,1502,1/9/93,0,",,I"
GT000060100,"INSIVUMEH, GT",14.58,-90.52,1502,1/10/93,0,",,I"
GT000060100,"INSIVUMEH, GT",14.58,-90.52,1502,1/11/93,0,",,I"
GT000060100,"INSIVUMEH, GT",14.58,-90.52,1502,1/12/93,0,",,I"
GT000060100,"INSIVUMEH, GT",14.58,-90.52,1502,1/13/93,0,",,I"
GT000060100,"INSIVUMEH, GT",14.58,-90.52,1502,1/14/93,0,",,I"
GT000060100,"INSIVUMEH, GT",14.58,-90.52,1502,1/15/93,0,",,I"
GT000060100,"INSIVUMEH, GT",14.58,-90.52,1502,1/16/93,0,",,I"
GT000060100,"INSIVUMEH, GT",14.58,-90.52,1502,1/17/93,0,",,I"
GT000060100,"INSIVUMEH, GT",14.58,-90.52,1502,1/18/93,0,",,I"
GT000060100,"INSIVUMEH, GT",14.58,-90.52,1502,1/19/93,0,",,I"
GT000060100,"INSIVUMEH, GT",14.58,-90.52,1502,1/20/93,0,",,I"
GT000060100,"INSIVUMEH, GT",14.58,-90.52,1502,1/21/93,0,",,I"
GT000060100,"INSIVUMEH, GT",14.58,-90.52,1502,1/22/93,0,",,I"
GT000060100,"INSIVUMEH, GT",14.58,-90.52,1502,1/23/93,0,",,I"
GT000060100,"INSIVUMEH, GT",14.58,-90.52,1502,1/24/93,0,",,I"
GT000060100,"INSIVUMEH, GT",14.58,-90.52,1502,1/25/93,0,",,I"
GT000060100,"INSIVUMEH, GT",14.58,-90.52,1502,1/26/93,0,",,I"
GT000060100,"INSIVUMEH, GT",14.58,-90.52,1502,1/27/93,0,",,I"
GT000060100,"INSIVUMEH, GT",14.58,-90.52,1502,1/28/93,0,",,I"
GT000060100,"INSIVUMEH, GT",14.58,-90.52,1502,1/29/93,0,",,I"
GT000060100,"INSIVUMEH, GT",14.58,-90.52,1502,1/30/93,0,",,I"
GT000060100,"INSIVUMEH, GT",14.58,-90.52,1502,1/31/93,0,",,I"
GT000060100,"INSIVUMEH, GT",14.58,-90.52,1502,2/1/93,0,",,I"
GT000060100,"INSIVUMEH, GT",14.58,-90.52,1502,2/2/93,0,",,I"
GT000060100,"INSIVUMEH, GT",14.58,-90.52,1502,2/3/93,0,",,I"
GT000060100,"INSIVUMEH, GT",14.58,-90.52,1502,2/4/93,0,",,I"
GT000060100,"INSIVUMEH, GT",14.58,-90.52,1502,2/5/93,0,",,I"
GT000060100,"INSIVUMEH, GT",14.58,-90.52,1502,2/6/93,0,",,I"
GT000060100,"INSIVUMEH, GT",14.58,-90.52,1502,2/7/93,0,",,I"
GT000060100,"INSIVUMEH, GT",14.58,-90.52,1502,2/8/93,0,",,I"
GT000060100,"INSIVUMEH, GT",14.58,-90.52,1502,2/9/93,0,",,I"
GT000060100,"INSIVUMEH, GT",14.58,-90.52,1502,2/10/93,0,",,I"
GT000060100,"INSIVUMEH, GT",14.58,-90.52,1502,2/11/93,0,",,I"
GT000060100,"INSIVUMEH, GT",14.58,-90.52,1502,2/12/93,0,",,I"
GT000060100,"INSIVUMEH, GT",14.58,-90.52,1502,2/13/93,0,",,I"
GT000060100,"INSIVUMEH, GT",14.58,-90.52,1502,2/14/93,0,",,I"
GT000060100,"INSIVUMEH, GT",14.58,-90.52,1502,2/15/93,0,",,I"
GT000060100,"INSIVUMEH, GT",14.58,-90.52,1502,2/16/93,0,",,I"
GT000060100,"INSIVUMEH, GT",14.58,-90.52,1502,2/17/93,0,",,I"
GT000060100,"INSIVUMEH, GT",14.58,-90.52,1502,2/18/93,0,",,I"
GT000060100,"INSIVUMEH, GT",14.58,-90.52,1502,2/19/93,0,",,I"
GT000060100,"INSIVUMEH, GT",14.58,-90.52,1502,2/20/93,0,",,I"
GT000060100,"INSIVUMEH, GT",14.58,-90.52,1502,2/21/93,0,",,I"
GT000060100,"INSIVUMEH, GT",14.58,-90.52,1502,2/22/93,0,",,I"
GT000060100,"INSIVUMEH, GT",14.58,-90.52,1502,2/23/93,0,",,I"
GT000060100,"INSIVUMEH, GT",14.58,-90.52,1502,2/24/93,0,",,I"
GT000060100,"INSIVUMEH, GT",14.58,-90.52,1502,2/25/93,0,",,I"
GT000060100,"INSIVUMEH, GT",14.58,-90.52,1502,2/26/93,0,",,I"
GT000060100,"INSIVUMEH, GT",14.58,-90.52,1502,2/27/93,0,",,I"
GT000060100,"INSIVUMEH, GT",14.58,-90.52,1502,2/28/93,0,",,I"
GT000060100,"INSIVUMEH, GT",14.58,-90.52,1502,3/1/93,0,",,I"
GT000060100,"INSIVUMEH, GT",14.58,-90.52,1502,3/2/93,0,",,I"
GT000060100,"INSIVUMEH, GT",14.58,-90.52,1502,3/3/93,0,",,I"
GT000060100,"INSIVUMEH, GT",14.58,-90.52,1502,3/4/93,0,",,I"
GT000060100,"INSIVUMEH, GT",14.58,-90.52,1502,3/5/93,0,",,I"
GT000060100,"INSIVUMEH, GT",14.58,-90.52,1502,3/6/93,0,",,I"
GT000060100,"INSIVUMEH, GT",14.58,-90.52,1502,3/7/93,0,",,I"
GT000060100,"INSIVUMEH, GT",14.58,-90.52,1502,3/8/93,0,",,I"
GT000060100,"INSIVUMEH, GT",14.58,-90.52,1502,3/9/93,0,",,I"
GT000060100,"INSIVUMEH, GT",14.58,-90.52,1502,3/10/93,0,",,I"
GT000060100,"INSIVUMEH, GT",14.58,-90.52,1502,3/11/93,0,",,I"
GT000060100,"INSIVUMEH, GT",14.58,-90.52,1502,3/12/93,0,",,I"
GT000060100,"INSIVUMEH, GT",14.58,-90.52,1502,3/13/93,0,",,I"
GT000060100,"INSIVUMEH, GT",14.58,-90.52,1502,3/14/93,0,",,I"
GT000060100,"INSIVUMEH, GT",14.58,-90.52,1502,3/15/93,0,",,I"
GT000060100,"INSIVUMEH, GT",14.58,-90.52,1502,3/16/93,0,",,I"
GT000060100,"INSIVUMEH, GT",14.58,-90.52,1502,3/17/93,0,",,I"
GT000060100,"INSIVUMEH, GT",14.58,-90.52,1502,3/18/93,0,",,I"
GT000060100,"INSIVUMEH, GT",14.58,-90.52,1502,3/19/93,0,",,I"
GT000060100,"INSIVUMEH, GT",14.58,-90.52,1502,3/20/93,0,",,I"
GT000060100,"INSIVUMEH, GT",14.58,-90.52,1502,3/21/93,0,",,I"
GT000060100,"INSIVUMEH, GT",14.58,-90.52,1502,3/22/93,0,",,I"
GT000060100,"INSIVUMEH, GT",14.58,-90.52,1502,3/23/93,0,",,I"
GT000060100,"INSIVUMEH, GT",14.58,-90.52,1502,3/24/93,0.04,",,I"
GT000060100,"INSIVUMEH, GT",14.58,-90.52,1502,3/25/93,0,",,I"
GT000060100,"INSIVUMEH, GT",14.58,-90.52,1502,3/26/93,0.41,",,I"
GT000060100,"INSIVUMEH, GT",14.58,-90.52,1502,3/27/93,0,",,I"
GT000060100,"INSIVUMEH, GT",14.58,-90.52,1502,3/28/93,0,",,I"
GT000060100,"INSIVUMEH, GT",14.58,-90.52,1502,3/29/93,0,",,I"
GT000060100,"INSIVUMEH, GT",14.58,-90.52,1502,3/30/93,0,",,I"
GT000060100,"INSIVUMEH, GT",14.58,-90.52,1502,3/31/93,0,",,I"
GT000060100,"INSIVUMEH, GT",14.58,-90.52,1502,4/1/93,0,",,I"
GT000060100,"INSIVUMEH, GT",14.58,-90.52,1502,4/2/93,0,",,I"
GT000060100,"INSIVUMEH, GT",14.58,-90.52,1502,4/3/93,0,",,I"
GT000060100,"INSIVUMEH, GT",14.58,-90.52,1502,4/4/93,0,",,I"
GT000060100,"INSIVUMEH, GT",14.58,-90.52,1502,4/5/93,0,",,I"
GT000060100,"INSIVUMEH, GT",14.58,-90.52,1502,4/6/93,0.26,",,I"
GT000060100,"INSIVUMEH, GT",14.58,-90.52,1502,4/7/93,0,",,I"
GT000060100,"INSIVUMEH, GT",14.58,-90.52,1502,4/8/93,0,",,I"
GT000060100,"INSIVUMEH, GT",14.58,-90.52,1502,4/9/93,0,",,I"
GT000060100,"INSIVUMEH, GT",14.58,-90.52,1502,4/10/93,0.31,",,I"
GT000060100,"INSIVUMEH, GT",14.58,-90.52,1502,4/11/93,0,",,I"
GT000060100,"INSIVUMEH, GT",14.58,-90.52,1502,4/12/93,0,",,I"
GT000060100,"INSIVUMEH, GT",14.58,-90.52,1502,4/13/93,0,",,I"
GT000060100,"INSIVUMEH, GT",14.58,-90.52,1502,4/14/93,1.53,",,I"
GT000060100,"INSIVUMEH, GT",14.58,-90.52,1502,4/15/93,0,",,I"
GT000060100,"INSIVUMEH, GT",14.58,-90.52,1502,4/16/93,1.46,",,I"
GT000060100,"INSIVUMEH, GT",14.58,-90.52,1502,4/17/93,0.1,",,I"
GT000060100,"INSIVUMEH, GT",14.58,-90.52,1502,4/18/93,0,",,I"
GT000060100,"INSIVUMEH, GT",14.58,-90.52,1502,4/19/93,0.09,",,I"
GT000060100,"INSIVUMEH, GT",14.58,-90.52,1502,4/20/93,0,",,I"
GT000060100,"INSIVUMEH, GT",14.58,-90.52,1502,4/21/93,0,",,I"
GT000060100,"INSIVUMEH, GT",14.58,-90.52,1502,4/22/93,0,",,I"
GT000060100,"INSIVUMEH, GT",14.58,-90.52,1502,4/23/93,0.02,",,I"
GT000060100,"INSIVUMEH, GT",14.58,-90.52,1502,4/24/93,0.02,",,I"
GT000060100,"INSIVUMEH, GT",14.58,-90.52,1502,4/25/93,0,",,I"
GT000060100,"INSIVUMEH, GT",14.58,-90.52,1502,4/26/93,0.05,",,I"
GT000060100,"INSIVUMEH, GT",14.58,-90.52,1502,4/27/93,0,",,I"
GT000060100,"INSIVUMEH, GT",14.58,-90.52,1502,4/28/93,0,",,I"
GT000060100,"INSIVUMEH, GT",14.58,-90.52,1502,4/29/93,0,",,I"
GT000060100,"INSIVUMEH, GT",14.58,-90.52,1502,4/30/93,0,",,I"
GT000060100,"INSIVUMEH, GT",14.58,-90.52,1502,5/1/93,0,",,I"
GT000060100,"INSIVUMEH, GT",14.58,-90.52,1502,5/2/93,0,",,I"
GT000060100,"INSIVUMEH, GT",14.58,-90.52,1502,5/3/93,0,",,I"
GT000060100,"INSIVUMEH, GT",14.58,-90.52,1502,5/4/93,0.11,",,I"
GT000060100,"INSIVUMEH, GT",14.58,-90.52,1502,5/5/93,0.11,",,I"
GT000060100,"INSIVUMEH, GT",14.58,-90.52,1502,5/6/93,0,",,I"
GT000060100,"INSIVUMEH, GT",14.58,-90.52,1502,5/7/93,0,",,I"
GT000060100,"INSIVUMEH, GT",14.58,-90.52,1502,5/8/93,0.1,",,I"
GT000060100,"INSIVUMEH, GT",14.58,-90.52,1502,5/9/93,0,",,I"
GT000060100,"INSIVUMEH, GT",14.58,-90.52,1502,5/10/93,0.01,",,I"
GT000060100,"INSIVUMEH, GT",14.58,-90.52,1502,5/11/93,0.03,",,I"
GT000060100,"INSIVUMEH, GT",14.58,-90.52,1502,5/12/93,0.05,",,I"
GT000060100,"INSIVUMEH, GT",14.58,-90.52,1502,5/13/93,0.57,",,I"
GT000060100,"INSIVUMEH, GT",14.58,-90.52,1502,5/14/93,0.02,",,I"
GT000060100,"INSIVUMEH, GT",14.58,-90.52,1502,5/15/93,0.06,",,I"
GT000060100,"INSIVUMEH, GT",14.58,-90.52,1502,5/16/93,0,",,I"
GT000060100,"INSIVUMEH, GT",14.58,-90.52,1502,5/17/93,0,",,I"
GT000060100,"INSIVUMEH, GT",14.58,-90.52,1502,5/18/93,0.31,",,I"
GT000060100,"INSIVUMEH, GT",14.58,-90.52,1502,5/19/93,0,",,I"
GT000060100,"INSIVUMEH, GT",14.58,-90.52,1502,5/20/93,0.58,",,I"
GT000060100,"INSIVUMEH, GT",14.58,-90.52,1502,5/21/93,0.12,",,I"
GT000060100,"INSIVUMEH, GT",14.58,-90.52,1502,5/22/93,0.05,",,I"
GT000060100,"INSIVUMEH, GT",14.58,-90.52,1502,5/23/93,0.13,",,I"
GT000060100,"INSIVUMEH, GT",14.58,-90.52,1502,5/24/93,0.08,",,I"
GT000060100,"INSIVUMEH, GT",14.58,-90.52,1502,5/25/93,0,",,I"
GT000060100,"INSIVUMEH, GT",14.58,-90.52,1502,5/26/93,0,",,I"
GT000060100,"INSIVUMEH, GT",14.58,-90.52,1502,5/27/93,0,",,I"
GT000060100,"INSIVUMEH, GT",14.58,-90.52,1502,5/28/93,0,",,I"
GT000060100,"INSIVUMEH, GT",14.58,-90.52,1502,5/29/93,0,",,I"
GT000060100,"INSIVUMEH, GT",14.58,-90.52,1502,5/30/93,0,",,I"
GT000060100,"INSIVUMEH, GT",14.58,-90.52,1502,5/31/93,0.22,",,I"
GT000060100,"INSIVUMEH, GT",14.58,-90.52,1502,6/1/93,0.71,",,I"
GT000060100,"INSIVUMEH, GT",14.58,-90.52,1502,6/2/93,0,",,I"
GT000060100,"INSIVUMEH, GT",14.58,-90.52,1502,6/3/93,0,",,I"
GT000060100,"INSIVUMEH, GT",14.58,-90.52,1502,6/4/93,0,",,I"
GT000060100,"INSIVUMEH, GT",14.58,-90.52,1502,6/5/93,0.23,",,I"
GT000060100,"INSIVUMEH, GT",14.58,-90.52,1502,6/6/93,0,",,I"
GT000060100,"INSIVUMEH, GT",14.58,-90.52,1502,6/7/93,0,",,I"
GT000060100,"INSIVUMEH, GT",14.58,-90.52,1502,6/8/93,0,",,I"
GT000060100,"INSIVUMEH, GT",14.58,-90.52,1502,6/9/93,0,",,I"
GT000060100,"INSIVUMEH, GT",14.58,-90.52,1502,6/10/93,0,",,I"
GT000060100,"INSIVUMEH, GT",14.58,-90.52,1502,6/11/93,0,",,I"
GT000060100,"INSIVUMEH, GT",14.58,-90.52,1502,6/12/93,0.1,",,I"
GT000060100,"INSIVUMEH, GT",14.58,-90.52,1502,6/13/93,0.49,",,I"
GT000060100,"INSIVUMEH, GT",14.58,-90.52,1502,6/14/93,0,",,I"
GT000060100,"INSIVUMEH, GT",14.58,-90.52,1502,6/15/93,0.04,",,I"
GT000060100,"INSIVUMEH, GT",14.58,-90.52,1502,6/16/93,0.91,",,I"
GT000060100,"INSIVUMEH, GT",14.58,-90.52,1502,6/17/93,2.04,",,I"
GT000060100,"INSIVUMEH, GT",14.58,-90.52,1502,6/18/93,0.35,",,I"
GT000060100,"INSIVUMEH, GT",14.58,-90.52,1502,6/19/93,0.27,",,I"
GT000060100,"INSIVUMEH, GT",14.58,-90.52,1502,6/20/93,0.5,",,I"
GT000060100,"INSIVUMEH, GT",14.58,-90.52,1502,6/21/93,0.2,",,I"
GT000060100,"INSIVUMEH, GT",14.58,-90.52,1502,6/22/93,1.39,",,I"
GT000060100,"INSIVUMEH, GT",14.58,-90.52,1502,6/23/93,0.2,",,I"
GT000060100,"INSIVUMEH, GT",14.58,-90.52,1502,6/24/93,0.02,",,I"
GT000060100,"INSIVUMEH, GT",14.58,-90.52,1502,6/25/93,0.71,",,I"
GT000060100,"INSIVUMEH, GT",14.58,-90.52,1502,6/26/93,0.51,",,I"
GT000060100,"INSIVUMEH, GT",14.58,-90.52,1502,6/27/93,0.75,",,I"
GT000060100,"INSIVUMEH, GT",14.58,-90.52,1502,6/28/93,0.31,",,I"
GT000060100,"INSIVUMEH, GT",14.58,-90.52,1502,6/29/93,0.25,",,I"
GT000060100,"INSIVUMEH, GT",14.58,-90.52,1502,6/30/93,1.85,",,I"
GT000060100,"INSIVUMEH, GT",14.58,-90.52,1502,7/1/93,0.24,",,I"
GT000060100,"INSIVUMEH, GT",14.58,-90.52,1502,7/2/93,0.58,",,I"
GT000060100,"INSIVUMEH, GT",14.58,-90.52,1502,7/3/93,1.15,",,I"
GT000060100,"INSIVUMEH, GT",14.58,-90.52,1502,7/4/93,0.12,",,I"
GT000060100,"INSIVUMEH, GT",14.58,-90.52,1502,7/5/93,0.09,",,I"
GT000060100,"INSIVUMEH, GT",14.58,-90.52,1502,7/6/93,0.02,",,I"
GT000060100,"INSIVUMEH, GT",14.58,-90.52,1502,7/7/93,0.46,",,I"
GT000060100,"INSIVUMEH, GT",14.58,-90.52,1502,7/8/93,0.08,",,I"
GT000060100,"INSIVUMEH, GT",14.58,-90.52,1502,7/9/93,0.54,",,I"
GT000060100,"INSIVUMEH, GT",14.58,-90.52,1502,7/10/93,0.44,",,I"
GT000060100,"INSIVUMEH, GT",14.58,-90.52,1502,7/11/93,0.04,",,I"
GT000060100,"INSIVUMEH, GT",14.58,-90.52,1502,7/12/93,0,",,I"
GT000060100,"INSIVUMEH, GT",14.58,-90.52,1502,7/13/93,0,",,I"
GT000060100,"INSIVUMEH, GT",14.58,-90.52,1502,7/14/93,0,",,I"
GT000060100,"INSIVUMEH, GT",14.58,-90.52,1502,7/15/93,0,",,I"
GT000060100,"INSIVUMEH, GT",14.58,-90.52,1502,7/16/93,0,",,I"
GT000060100,"INSIVUMEH, GT",14.58,-90.52,1502,7/17/93,0,",,I"
GT000060100,"INSIVUMEH, GT",14.58,-90.52,1502,7/18/93,0,",,I"
GT000060100,"INSIVUMEH, GT",14.58,-90.52,1502,7/19/93,0,",,I"
GT000060100,"INSIVUMEH, GT",14.58,-90.52,1502,7/20/93,0.02,",,I"
GT000060100,"INSIVUMEH, GT",14.58,-90.52,1502,7/21/93,0,",,I"
GT000060100,"INSIVUMEH, GT",14.58,-90.52,1502,7/22/93,0,",,I"
GT000060100,"INSIVUMEH, GT",14.58,-90.52,1502,7/23/93,0,",,I"
GT000060100,"INSIVUMEH, GT",14.58,-90.52,1502,7/24/93,0,",,I"
GT000060100,"INSIVUMEH, GT",14.58,-90.52,1502,7/25/93,0,",,I"
GT000060100,"INSIVUMEH, GT",14.58,-90.52,1502,7/26/93,0,",,I"
GT000060100,"INSIVUMEH, GT",14.58,-90.52,1502,7/27/93,0.07,",,I"
GT000060100,"INSIVUMEH, GT",14.58,-90.52,1502,7/28/93,0.5,",,I"
GT000060100,"INSIVUMEH, GT",14.58,-90.52,1502,7/29/93,0,",,I"
GT000060100,"INSIVUMEH, GT",14.58,-90.52,1502,7/30/93,0,",,I"
GT000060100,"INSIVUMEH, GT",14.58,-90.52,1502,7/31/93,0,",,I"
GT000060100,"INSIVUMEH, GT",14.58,-90.52,1502,8/1/93,0,",,I"
GT000060100,"INSIVUMEH, GT",14.58,-90.52,1502,8/2/93,0,",,I"
GT000060100,"INSIVUMEH, GT",14.58,-90.52,1502,8/3/93,0,",,I"
GT000060100,"INSIVUMEH, GT",14.58,-90.52,1502,8/4/93,0.38,",,I"
GT000060100,"INSIVUMEH, GT",14.58,-90.52,1502,8/5/93,0.2,",,I"
GT000060100,"INSIVUMEH, GT",14.58,-90.52,1502,8/6/93,0.02,",,I"
GT000060100,"INSIVUMEH, GT",14.58,-90.52,1502,8/7/93,0.12,",,I"
GT000060100,"INSIVUMEH, GT",14.58,-90.52,1502,8/8/93,0.39,",,I"
GT000060100,"INSIVUMEH, GT",14.58,-90.52,1502,8/9/93,0,",,I"
GT000060100,"INSIVUMEH, GT",14.58,-90.52,1502,8/10/93,0.3,",,I"
GT000060100,"INSIVUMEH, GT",14.58,-90.52,1502,8/11/93,0,",,I"
GT000060100,"INSIVUMEH, GT",14.58,-90.52,1502,8/12/93,0.48,",,I"
GT000060100,"INSIVUMEH, GT",14.58,-90.52,1502,8/13/93,0.22,",,I"
GT000060100,"INSIVUMEH, GT",14.58,-90.52,1502,8/14/93,0.35,",,I"
GT000060100,"INSIVUMEH, GT",14.58,-90.52,1502,8/15/93,0.36,",,I"
GT000060100,"INSIVUMEH, GT",14.58,-90.52,1502,8/16/93,0.54,",,I"
GT000060100,"INSIVUMEH, GT",14.58,-90.52,1502,8/17/93,0.14,",,I"
GT000060100,"INSIVUMEH, GT",14.58,-90.52,1502,8/18/93,0.69,",,I"
GT000060100,"INSIVUMEH, GT",14.58,-90.52,1502,8/19/93,1.16,",,I"
GT000060100,"INSIVUMEH, GT",14.58,-90.52,1502,8/20/93,0.08,",,I"
GT000060100,"INSIVUMEH, GT",14.58,-90.52,1502,8/21/93,0.2,",,I"
GT000060100,"INSIVUMEH, GT",14.58,-90.52,1502,8/22/93,0,",,I"
GT000060100,"INSIVUMEH, GT",14.58,-90.52,1502,8/23/93,0,",,I"
GT000060100,"INSIVUMEH, GT",14.58,-90.52,1502,8/24/93,0.94,",,I"
GT000060100,"INSIVUMEH, GT",14.58,-90.52,1502,8/25/93,0,",,I"
GT000060100,"INSIVUMEH, GT",14.58,-90.52,1502,8/26/93,0.92,",,I"
GT000060100,"INSIVUMEH, GT",14.58,-90.52,1502,8/27/93,0.35,",,I"
GT000060100,"INSIVUMEH, GT",14.58,-90.52,1502,8/28/93,0.46,",,I"
GT000060100,"INSIVUMEH, GT",14.58,-90.52,1502,8/29/93,0.35,",,I"
GT000060100,"INSIVUMEH, GT",14.58,-90.52,1502,8/30/93,0.41,",,I"
GT000060100,"INSIVUMEH, GT",14.58,-90.52,1502,8/31/93,0.15,",,I"
GT000060100,"INSIVUMEH, GT",14.58,-90.52,1502,9/1/93,0.1,",,I"
GT000060100,"INSIVUMEH, GT",14.58,-90.52,1502,9/2/93,0.13,",,I"
GT000060100,"INSIVUMEH, GT",14.58,-90.52,1502,9/3/93,0,",,I"
GT000060100,"INSIVUMEH, GT",14.58,-90.52,1502,9/4/93,0.56,",,I"
GT000060100,"INSIVUMEH, GT",14.58,-90.52,1502,9/5/93,0.61,",,I"
GT000060100,"INSIVUMEH, GT",14.58,-90.52,1502,9/6/93,0.13,",,I"
GT000060100,"INSIVUMEH, GT",14.58,-90.52,1502,9/7/93,0.11,",,I"
GT000060100,"INSIVUMEH, GT",14.58,-90.52,1502,9/8/93,0.44,",,I"
GT000060100,"INSIVUMEH, GT",14.58,-90.52,1502,9/9/93,0.05,",,I"
GT000060100,"INSIVUMEH, GT",14.58,-90.52,1502,9/10/93,2,",,I"
GT000060100,"INSIVUMEH, GT",14.58,-90.52,1502,9/11/93,0.05,",,I"
GT000060100,"INSIVUMEH, GT",14.58,-90.52,1502,9/12/93,0,",,I"
GT000060100,"INSIVUMEH, GT",14.58,-90.52,1502,9/13/93,0,",,I"
GT000060100,"INSIVUMEH, GT",14.58,-90.52,1502,9/14/93,0.42,",,I"
GT000060100,"INSIVUMEH, GT",14.58,-90.52,1502,9/15/93,0,",,I"
GT000060100,"INSIVUMEH, GT",14.58,-90.52,1502,9/16/93,0,",,I"
GT000060100,"INSIVUMEH, GT",14.58,-90.52,1502,9/17/93,0.02,",,I"
GT000060100,"INSIVUMEH, GT",14.58,-90.52,1502,9/18/93,0.14,",,I"
GT000060100,"INSIVUMEH, GT",14.58,-90.52,1502,9/19/93,0.2,",,I"
GT000060100,"INSIVUMEH, GT",14.58,-90.52,1502,9/20/93,0.21,",,I"
GT000060100,"INSIVUMEH, GT",14.58,-90.52,1502,9/21/93,0,",,I"
GT000060100,"INSIVUMEH, GT",14.58,-90.52,1502,9/22/93,0.64,",,I"
GT000060100,"INSIVUMEH, GT",14.58,-90.52,1502,9/23/93,0.43,",,I"
GT000060100,"INSIVUMEH, GT",14.58,-90.52,1502,9/24/93,0,",,I"
GT000060100,"INSIVUMEH, GT",14.58,-90.52,1502,9/25/93,0.02,",,I"
GT000060100,"INSIVUMEH, GT",14.58,-90.52,1502,9/26/93,0.02,",,I"
GT000060100,"INSIVUMEH, GT",14.58,-90.52,1502,9/27/93,0.26,",,I"
GT000060100,"INSIVUMEH, GT",14.58,-90.52,1502,9/28/93,2.48,",,I"
GT000060100,"INSIVUMEH, GT",14.58,-90.52,1502,9/29/93,0,",,I"
GT000060100,"INSIVUMEH, GT",14.58,-90.52,1502,9/30/93,0,",,I"